file,page,year,station_code,station_name,coordinates,catchment_area_km2,annual_avg_flow_m3s,annual_total_m3,mm_total,avg_ltsnkm2,oct_flow_max_m3,nov_flow_max_m3,dec_flow_max_m3,jan_flow_max_m3,feb_flow_max_m3,mar_flow_max_m3,apr_flow_max_m3,may_flow_max_m3,jun_flow_max_m3,jul_flow_max_m3,aug_flow_max_m3,sep_flow_max_m3,oct_flow_min_m3,nov_flow_min_m3,dec_flow_min_m3,jan_flow_min_m3,feb_flow_min_m3,mar_flow_min_m3,apr_flow_min_m3,may_flow_min_m3,jun_flow_min_m3,jul_flow_min_m3,aug_flow_min_m3,sep_flow_min_m3,oct_flow_avg_m3,nov_flow_avg_m3,dec_flow_avg_m3,jan_flow_avg_m3,feb_flow_avg_m3,mar_flow_avg_m3,apr_flow_avg_m3,may_flow_avg_m3,jun_flow_avg_m3,jul_flow_avg_m3,aug_flow_avg_m3,sep_flow_avg_m3,oct_ltsnkm2_m3,nov_ltsnkm2_m3,dec_ltsnkm2_m3,jan_ltsnkm2_m3,feb_ltsnkm2_m3,mar_ltsnkm2_m3,apr_ltsnkm2_m3,may_ltsnkm2_m3,jun_ltsnkm2_m3,jul_ltsnkm2_m3,aug_ltsnkm2_m3,sep_ltsnkm2_m3,oct_akim_mm_m3,nov_akim_mm_m3,dec_akim_mm_m3,jan_akim_mm_m3,feb_akim_mm_m3,mar_akim_mm_m3,apr_akim_mm_m3,may_akim_mm_m3,jun_akim_mm_m3,jul_akim_mm_m3,aug_akim_mm_m3,sep_akim_mm_m3,oct_milm3_m3,nov_milm3_m3,dec_milm3_m3,jan_milm3_m3,feb_milm3_m3,mar_milm3_m3,apr_milm3_m3,may_milm3_m3,jun_milm3_m3,jul_milm3_m3,aug_milm3_m3,sep_milm3_m3,annual_average_flow_max_m3,annual_average_flow_min_m3,annual_average_flow_avg_m3,annual_average_ltsnkm2_m3,annual_average_akim_mm_m3,annual_average_milm3_m3
dsi_2005.pdf,411,2005,D14A018,Çamur D. Çamur,"39°43'30"" Doğu 39°8'40"" Kuzey",105.1,1.241,39.17,373.0,11.8,0.54,1.32,0.62,0.78,1.43,2.72,9.9,7.7,4.25,1.32,1.65,0.93,0.25,0.325,0.325,0.325,0.4,0.47,1.54,2.72,1.21,0.325,0.16,0.29,0.363,0.443,0.487,0.502,0.69,0.747,4.28,4.17,2.03,0.656,0.346,0.177,2.0,3.46,4.22,4.64,4.78,6.57,7.11,40.8,39.7,19.4,6.24,3.29,9.26,10.9,12.4,12.8,15.9,19.0,106.0,106.0,50.2,16.7,8.81,10.08,3.0,0.973,1.15,1.31,1.35,1.67,2.0,11.1,11.2,5.27,1.76,1.99,2.76,0.7,1.24,11.85,31.5,3.56
dsi_2005.pdf,423,2005,D14A117,ÇİLKORU DERESİ GÖKDERE,"36°43'56"" Doğu 40°29'21"" Kuzey",78.0,0.866,27.32,350.0,11.1,0.603,1.1,0.77,39.0,5.3,52.0,3.33,6.8,1.8,0.22,0.1,0.85,0.1,0.1,0.13,0.22,0.32,0.99,0.77,0.603,0.22,0.1,0.049,0.1,0.144,0.124,0.22,0.886,1.32,3.16,1.89,1.73,0.56,0.148,0.09,0.133,2.0,1.84,1.59,2.82,11.4,16.9,40.6,24.2,22.2,7.18,1.9,1.15,4.93,4.13,7.55,30.4,41.0,109.0,62.8,59.6,18.6,5.08,3.07,4.53,3.0,0.384,0.322,0.589,2.37,3.2,8.47,4.9,4.65,1.45,0.397,1.69,9.32,0.31,0.87,11.15,29.22,2.62
dsi_2005.pdf,435,2005,D14A146,ÇİLKORU DERESİ MUSULLU,"36°40'7"" Doğu 40°32'9"" Kuzey",21.2,0.285,8.99,424.0,13.4,0.072,0.21,0.39,7.2,4.4,11.0,3.33,6.72,4.2,0.072,0.03,0.14,0.037,0.037,0.037,0.052,0.12,0.25,0.21,0.34,0.052,0.009,0.009,0.04,0.046,0.062,0.113,0.145,0.575,0.862,0.6,0.787,0.173,0.039,0.016,0.023,2.0,2.17,2.93,5.34,6.82,27.1,40.7,28.3,37.1,8.14,1.84,0.774,5.82,7.59,14.3,18.3,65.6,109.0,73.3,99.4,21.1,4.92,2.07,6.7,3.0,0.123,0.161,0.303,0.387,1.39,2.31,1.55,2.11,0.447,0.104,1.56,3.15,0.1,0.29,13.6,35.67,1.12
dsi_2005.pdf,436,2005,D14A149,HULAR DERESİ ÇAMAĞZI,"36°39'42"" Doğu 40°26'16"" Kuzey",44.2,0.482,15.2,344.0,10.9,0.07,1.45,4.25,4.25,36.1,5.3,6.87,1.0,0.77,0.07,0.001,0.76,0.013,0.008,0.036,0.036,0.693,1.2,0.5,0.11,0.04,0.02,0.001,0.01,0.001,0.247,0.355,0.022,0.058,1.44,0.706,0.572,0.255,0.012,0.004,0.002,2.0,0.0,0.26,1.43,3.82,22.6,39.6,23.6,37.2,2.4,0.368,0.179,0.0,0.674,3.82,10.2,54.6,106.0,61.1,99.8,6.21,0.985,0.479,0.34,3.0,0.0,0.03,0.169,0.453,2.41,4.69,2.7,4.41,0.274,0.044,1.5,5.07,0.21000000000000002,0.355,11.12,28.68,1.64
dsi_2005.pdf,687,2005,D22A093,TURNA SUYU CUMHURİYET KÖYÜ,"37°57'42"" Doğu 40°49'54"" Kuzey",210.0,6.031,190.24,906.0,28.7,23.0,19.5,25.4,22.0,17.5,55.7,53.1,29.0,19.0,6.1,3.6,21.25,0.44,0.63,3.06,2.34,2.58,3.82,4.26,2.58,1.46,0.54,0.44,0.54,2.44,4.1,7.14,4.87,7.26,14.4,13.0,8.08,5.51,1.27,0.862,3.62,2.0,11.6,19.5,34.0,23.2,34.6,68.5,62.0,38.5,26.2,6.05,4.1,31.2,50.6,91.1,62.2,83.6,183.0,161.0,103.0,68.0,16.2,11.0,40.9,3.0,6.55,10.6,19.1,13.1,17.6,38.5,33.8,21.6,14.3,3.4,4.78,24.6,1.89,6.05,27.52,75.15,15.53
dsi_2005.pdf,688,2005,D22A095,Yayla D. Sögütagil,"40°27'0"" Doğu 39°47'0"" Kuzey",110.0,0.957,30.13,274.0,8.7,0.115,0.196,0.09,0.08,0.44,2.6,10.4,7.76,2.25,0.584,1.16,0.16,0.08,0.07,0.061,0.061,0.07,0.061,0.95,1.74,0.402,0.115,0.07,0.08,0.096,0.117,0.07,0.074,0.103,0.498,5.18,3.92,0.941,0.234,0.123,0.118,2.0,0.873,1.07,0.64,0.674,0.936,4.53,47.1,35.7,8.56,2.13,1.12,2.34,2.76,1.71,1.81,2.26,12.1,122.0,95.6,22.2,5.7,3.0,2.55,3.0,0.257,0.304,0.189,0.199,0.249,1.33,13.4,10.5,2.44,0.627,1.63,2.15,0.31,0.96,8.78,22.84,2.84
dsi_2005.pdf,693,2005,D22A105,DEĞİRMEN DERESİ SALIPAZARI,"36°49'19"" Doğu 41°4'24"" Kuzey",74.5,2.293,72.33,971.0,30.8,7.18,32.4,23.1,8.62,14.2,31.8,14.7,32.4,22.5,14.2,31.1,19.79,0.19,0.26,1.56,0.54,1.0,2.06,0.54,0.33,0.295,0.11,0.09,0.22,0.523,3.43,4.93,2.09,3.03,5.26,3.25,2.49,1.13,0.303,0.34,0.791,2.0,7.02,46.0,8.85,28.1,40.7,70.6,43.7,33.4,15.2,4.07,4.56,18.8,119.0,23.7,75.3,98.4,189.0,113.0,89.6,39.5,10.9,12.2,68.9,3.0,1.4,8.88,13.2,5.61,7.33,14.1,8.43,6.67,2.94,0.811,2.2,21.0,0.6,2.3,30.12,84.3,6.21
dsi_2005.pdf,694,2005,D22A106,Batlama D. Çukurköy,"38°18'34"" Doğu 40°50'44"" Kuzey",122.0,4.127,130.16,1067.0,33.8,4.6,1.6,33.0,13.0,6.2,30.4,80.9,10.9,17.2,3.28,10.9,3.1,0.706,0.91,1.6,1.2,1.6,1.2,3.28,1.03,0.536,1.14,0.968,0.81,1.29,1.32,3.74,2.54,3.28,6.19,22.6,2.97,1.95,1.52,1.19,1.14,2.0,10.6,10.8,30.7,20.8,26.9,50.8,24.1,24.4,16.0,12.5,9.78,28.3,28.1,82.2,55.7,65.0,136.0,62.4,65.3,41.5,33.4,26.2,28.2,3.0,3.45,3.43,10.0,6.8,7.93,16.6,58.7,7.97,5.06,4.08,3.22,17.92,1.25,4.14,33.44,89.24,10.85
dsi_2006.pdf,493,2006,D14A117,ÇİLKORU D. GÖKDERE,"36°43'56"" Doğu 40°29'21"" Kuzey",78.0,0.535,16.87,216.0,6.9,0.265,0.45,0.22,0.77,7.96,3.0,7.38,6.2,0.45,0.17,0.1,0.36,0.07,0.1,0.13,0.13,0.22,0.99,0.52,0.52,0.13,0.07,0.049,0.08,0.112,0.136,0.139,0.261,1.32,1.72,1.35,0.962,0.22,0.109,0.076,0.072,2.0,1.43,1.74,1.79,3.35,16.9,22.0,17.3,12.3,2.82,1.4,0.979,3.83,4.51,4.79,8.97,40.9,59.1,44.9,33.1,7.31,3.76,2.62,4.17,3.0,0.299,0.352,0.373,0.7,3.19,4.61,3.51,2.58,0.57,0.293,1.65,2.28,0.25,0.54,7.0,18.16,1.76
dsi_2006.pdf,505,2006,D14A146,ÇİLKORU D. MUSULLU,"36°40'7"" Doğu 40°32'9"" Kuzey",21.2,0.21,6.62,312.0,9.9,0.02,0.25,0.25,0.34,1.95,0.8,4.2,1.03,0.21,0.093,0.037,0.14,0.02,0.02,0.15,0.052,0.072,0.34,0.295,0.21,0.052,0.004,0.004,0.02,0.02,0.109,0.201,0.149,0.381,0.512,0.584,0.419,0.097,0.039,0.012,0.014,2.0,0.943,5.15,9.48,7.03,18.0,24.2,27.6,19.8,4.57,1.86,0.545,2.53,13.3,25.4,18.8,43.4,64.7,71.4,52.9,11.9,4.99,1.46,7.92,3.0,0.054,0.283,0.538,0.399,0.921,1.37,1.51,1.12,0.251,0.106,1.53,0.78,0.1,0.21,10.1,26.56,0.92
dsi_2006.pdf,509,2006,D14A162,YEŞİLIRMAK KOZLU,"37°33'4"" Doğu 40°15'14"" Kuzey",712.62,13.12,414.3,581.0,18.4,7.24,3.74,8.18,3.42,11.6,132.0,89.0,102.0,21.0,5.65,2.17,5.49,1.3,2.02,2.02,2.02,2.02,11.0,27.0,19.0,5.03,1.8,0.84,1.66,2.17,2.73,3.03,2.63,5.72,39.9,44.8,38.7,10.4,3.35,1.41,2.23,2.0,3.04,3.83,4.26,3.69,8.03,55.9,62.9,54.2,14.5,4.71,1.98,8.14,9.92,11.4,9.9,19.4,150.0,163.0,145.0,37.7,12.6,5.31,9.03,3.0,5.8,7.07,8.12,7.05,13.8,107.0,116.0,104.0,26.9,8.98,4.4,32.62,6.31,13.09,18.25,48.45,34.34
dsi_2006.pdf,808,2006,D22A093,TURNA Ç. CUMHURİYET KÖYÜ,"37°57'42"" Doğu 40°49'54"" Kuzey",210.0,5.622,177.29,844.0,26.8,45.0,37.0,5.54,11.8,19.0,55.7,34.6,40.2,5.26,84.0,1.46,41.0,1.0,2.22,1.25,1.46,1.68,6.1,2.88,1.25,0.72,0.93,0.49,1.61,10.5,7.87,2.2,3.47,6.25,11.7,9.11,8.22,1.07,4.98,0.687,1.39,2.0,3.35,37.5,10.5,16.5,29.7,55.6,43.4,39.2,5.09,23.7,3.27,8.96,97.2,28.0,44.2,72.0,149.0,112.0,105.0,13.2,63.5,8.76,115.6,3.0,28.2,20.4,5.88,9.29,15.1,31.3,23.6,22.0,2.77,13.3,15.6,31.71,1.8,5.62,26.38,78.54,15.87
dsi_2006.pdf,809,2006,D22A095,YAYLA D. SÖGÜTAĞIL,"40°27'0"" Doğu 39°47'0"" Kuzey",110.0,1.824,57.53,523.0,16.6,5.1,4.8,0.956,0.524,0.422,5.04,17.8,17.8,1.54,0.388,0.155,4.95,0.178,0.456,0.456,0.388,0.099,0.422,2.66,1.54,0.284,0.155,0.074,0.32,0.588,0.834,0.641,0.402,0.241,1.06,9.67,7.37,0.628,0.224,0.099,0.1,2.0,5.35,7.58,5.83,3.66,2.19,9.67,87.9,67.0,5.71,2.04,0.896,14.3,19.7,15.6,9.79,5.29,25.9,228.0,180.0,14.8,5.46,2.4,17.0,3.0,1.58,2.16,1.72,1.08,0.582,2.85,25.1,19.7,1.63,0.601,2.29,4.96,0.59,1.82,16.65,44.85,5.19
dsi_2006.pdf,813,2006,D22A105,DEĞİRMEN D. SALIPAZARI,"36°49'19"" Doğu 41°4'24"" Kuzey",74.5,3.702,116.67,409.0,13.0,28.5,33.1,4.05,11.1,18.7,15.2,22.0,7.52,170.0,110.0,35.0,30.8,0.22,0.22,0.42,1.0,1.14,1.0,0.54,0.375,0.11,0.54,0.09,0.22,2.05,3.84,1.17,2.34,5.97,3.37,2.43,1.61,6.46,11.2,2.67,1.5,2.0,27.5,51.6,15.8,31.4,80.2,45.3,32.6,21.6,8.8,4.27,35.9,73.6,134.0,42.2,84.2,194.0,121.0,84.6,57.9,22.8,11.4,96.1,103.8,3.0,5.49,9.96,3.15,6.27,14.4,9.04,6.3,4.31,16.7,30.0,4.24,40.5,0.49,3.72,13.08,34.28,9.4
dsi_2006.pdf,814,2006,D22A106,BATLAMA D. ÇUKURKÖY,"38°18'34"" Doğu 40°50'44"" Kuzey",122.0,3.242,102.15,837.0,26.6,39.7,18.6,5.4,7.8,17.9,16.5,29.8,20.0,1.5,107.0,1.5,29.15,1.3,1.4,1.2,1.03,1.14,1.86,1.6,1.03,0.842,0.774,0.842,1.35,6.92,5.75,1.82,1.92,3.65,4.43,4.18,3.58,0.945,3.79,0.983,0.946,2.0,3.35,47.1,14.9,15.7,29.9,36.3,34.2,29.4,7.75,31.0,8.05,8.96,122.0,39.9,42.1,72.4,97.2,88.7,78.6,20.1,83.1,21.6,13.14,3.0,18.5,14.9,4.86,5.14,8.83,11.9,10.8,9.59,2.45,10.1,10.75,24.57,1.2,3.24,26.09,79.56,9.24
dsi_2007.pdf,489,2007,D14A146,ÇİLKORU D. MUSULLU,"36°40'7"" Doğu 40°32'9"" Kuzey",21.2,0.254,8.01,378.0,12.0,0.093,0.18,0.072,1.6,1.4,3.05,0.9,0.39,0.12,0.03,16.0,0.14,0.02,0.037,0.037,0.052,0.093,0.295,0.295,0.093,0.037,0.009,0.004,0.03,0.03,0.098,0.053,0.127,0.343,0.734,0.504,0.219,0.065,0.02,0.84,0.01,2.0,1.43,4.6,2.51,5.99,16.2,34.6,23.8,10.3,3.07,0.928,39.6,3.83,11.9,6.73,16.0,39.1,92.8,61.6,27.6,7.96,2.49,106.0,7.86,3.0,0.081,0.253,0.143,0.34,0.829,1.97,1.31,0.586,0.169,0.053,1.54,2.0,0.08,0.25,12.09,31.99,0.86
dsi_2007.pdf,492,2007,D14A162,YEŞİLIRMAK KOZLU,"37°33'4"" Doğu 40°15'14"" Kuzey",712.62,7.981,251.71,353.0,11.2,18.0,58.8,3.89,3.67,7.2,74.8,66.0,44.9,8.34,2.81,24.6,38.4,1.49,3.46,1.95,1.49,2.38,4.72,14.5,7.58,2.38,1.05,0.75,2.48,3.39,9.79,2.72,2.25,3.96,17.9,26.0,20.9,4.85,1.76,1.14,0.991,2.0,4.76,13.7,3.82,3.16,5.55,25.2,36.4,29.4,6.81,2.47,1.6,12.8,35.6,10.2,8.46,13.4,67.4,94.5,78.7,17.7,6.61,4.27,24.2,3.0,9.09,25.4,7.29,6.03,9.57,48.0,67.3,56.1,12.6,4.71,6.04,29.28,3.69,7.97,11.24,31.15,21.26
dsi_2007.pdf,766,2007,D22A093,TURNA Ç. CUMHURİYET KÖYÜ,"37°57'42"" Doğu 40°49'54"" Kuzey",210.0,5.83,183.9,876.0,27.8,26.6,33.8,6.66,12.6,18.0,45.0,29.0,42.6,4.7,68.7,13.0,30.2,0.72,2.1,1.46,2.22,4.04,4.7,3.6,1.25,0.54,0.54,0.63,1.41,3.93,7.27,2.93,4.69,9.01,17.0,10.2,8.42,1.16,2.56,0.784,2.23,2.0,18.7,34.6,14.0,22.4,42.9,81.1,48.4,40.1,5.54,12.2,3.73,50.2,89.7,37.4,59.9,104.0,217.0,126.0,107.0,14.4,32.6,9.99,69.95,3.0,10.5,18.8,7.85,12.6,21.8,45.6,26.4,22.6,3.01,6.85,6.75,27.57,1.93,5.85,27.14,76.51,15.48
dsi_2007.pdf,767,2007,D22A095,YAYLA D. SÖGÜTAĞIL,"40°27'0"" Doğu 39°47'0"" Kuzey",110.0,1.193,37.67,342.0,10.8,0.734,4.8,0.626,0.388,0.302,5.28,7.48,24.7,2.52,0.093,0.456,2.77,0.115,0.155,0.32,0.302,0.105,0.2,0.734,0.808,0.093,0.043,0.043,0.14,0.214,0.572,0.485,0.348,0.233,0.574,1.91,9.29,0.342,0.064,0.083,0.055,2.0,1.95,5.2,4.4,3.17,2.12,5.22,17.4,15.7,3.11,0.586,0.752,5.22,13.5,11.8,8.48,5.12,14.0,45.0,42.0,8.07,1.57,2.01,9.36,3.0,0.574,1.48,1.3,0.933,0.564,1.54,4.95,24.9,0.888,0.173,1.79,4.18,0.25,1.18,10.86,29.18,3.51
dsi_2007.pdf,773,2007,D22A105,DEĞİRMEN D. SALIPAZARI,"36°49'19"" Doğu 41°4'24"" Kuzey",74.5,2.295,72.34,971.0,30.8,50.2,26.7,10.3,15.6,11.1,26.7,6.5,11.1,18.1,13.8,110.0,38.45,0.94,0.725,0.6,1.0,1.56,1.88,0.895,0.295,0.138,0.052,0.069,0.83,4.12,3.52,1.44,2.87,3.78,5.42,1.79,1.09,0.491,0.58,0.853,1.68,2.0,3.35,47.2,19.4,38.6,50.7,72.7,24.1,14.6,6.6,7.78,11.5,8.96,122.0,51.9,103.0,123.0,195.0,62.4,39.2,17.1,20.8,30.7,13.14,3.0,11.0,9.12,3.86,7.7,9.14,14.5,4.65,2.92,1.27,1.55,7.0,28.21,0.75,2.3,29.2,87.34,6.31
dsi_2007.pdf,774,2007,D22A106,BATLAMA D. ÇUKURKÖY,"38°18'34"" Doğu 40°50'44"" Kuzey",122.0,2.63,82.98,680.0,21.6,7.8,12.5,6.6,9.88,12.0,20.7,20.0,23.9,20.7,34.3,15.7,10.15,0.706,0.968,0.706,0.968,1.6,2.02,1.4,0.774,0.502,0.502,0.704,0.84,1.44,2.62,1.36,2.32,3.08,5.45,3.93,5.17,0.923,2.27,1.19,1.79,2.0,11.8,21.5,11.2,19.1,25.3,44.7,32.3,42.4,7.56,18.6,9.73,31.6,55.7,30.0,51.0,61.1,120.0,83.6,114.0,19.6,49.7,26.1,43.65,3.0,3.86,6.8,3.65,6.23,7.45,14.6,10.2,13.9,2.39,6.07,3.43,16.19,0.97,2.63,20.52,57.17,6.8
dsi_2008.pdf,469,2008,D14A146,ÇİLKORU D. MUSULLU,"36°40'7"" Doğu 40°32'9"" Kuzey",21.2,0.391,12.36,583.0,18.4,0.12,5.76,0.95,0.145,3.55,9.04,0.95,0.68,9.27,0.12,0.066,2.94,0.014,0.014,0.12,0.046,0.046,0.28,0.23,0.145,0.096,0.066,0.014,0.01,0.056,0.574,0.28,0.09,0.669,1.68,0.357,0.321,0.549,0.071,0.029,0.03,2.0,2.63,27.1,13.2,4.25,31.6,79.3,16.8,15.2,25.9,3.34,1.36,7.05,70.1,35.4,11.4,79.1,212.0,43.6,40.6,67.1,8.95,3.64,38.58,3.0,0.149,1.49,0.75,0.241,1.68,4.5,0.924,0.861,1.42,0.19,1.57,2.8,0.09,0.39,18.56,51.46,1.4
dsi_2008.pdf,470,2008,D14A149,HULAR D. ÇAMAĞZI,"36°39'42"" Doğu 40°26'16"" Kuzey",44.2,0.308,9.73,220.0,7.0,0.008,1.64,2.13,0.058,0.693,3.5,1.85,1.85,1.58,0.022,0.013,0.82,0.013,0.008,0.036,0.036,0.693,1.2,0.5,0.11,0.04,0.02,0.001,0.01,0.001,0.247,0.355,0.022,0.058,1.44,0.706,0.572,0.255,0.012,0.004,0.002,2.0,0.023,5.59,8.02,0.509,1.3,32.6,16.0,12.9,5.78,0.277,0.092,0.063,14.5,21.5,1.36,3.27,87.3,41.4,34.6,15.0,0.741,0.246,7.28,3.0,0.003,0.64,0.95,0.06,0.144,3.86,1.83,1.53,0.662,0.033,1.5,1.18,0.21000000000000002,0.31,7.09,18.94,1.18
dsi_2008.pdf,474,2008,D14A162,YEŞİLIRMAK KOZLU,"37°33'4"" Doğu 40°15'14"" Kuzey",712.62,8.593,271.34,381.0,12.1,4.41,4.92,16.7,7.3,7.0,120.0,44.4,23.0,11.4,3.95,5.96,4.66,0.945,0.945,2.15,2.38,2.83,7.9,14.9,8.8,3.73,0.738,0.4,0.94,1.63,2.57,6.46,4.26,3.52,37.8,23.7,12.7,6.72,1.83,0.813,0.747,2.0,2.28,3.6,9.07,5.97,4.94,53.1,33.2,17.9,9.43,2.57,1.14,6.11,9.34,24.3,16.0,12.4,142.0,86.0,47.9,24.4,6.88,3.06,7.72,3.0,4.35,6.66,17.3,11.4,8.81,101.0,61.3,34.1,17.4,4.9,3.68,21.14,3.89,8.56,12.1,32.18,22.82
dsi_2008.pdf,750,2008,D22A093,TURNA Ç. CUMHURİYET KÖYÜ,"37°57'42"" Doğu 40°49'54"" Kuzey",210.0,5.427,171.62,817.0,25.8,52.2,47.7,18.5,1.6,9.9,90.0,13.2,16.8,94.0,4.6,6.2,49.95,0.63,1.03,0.948,0.5,0.335,2.55,0.948,0.78,0.54,0.948,0.78,0.83,3.62,7.62,2.64,1.18,2.28,22.2,4.26,3.56,7.73,1.72,1.55,6.7,2.0,17.2,36.3,12.6,5.6,10.9,29.7,20.3,16.9,36.8,8.21,7.36,46.2,94.1,33.6,15.0,27.2,79.6,52.5,45.4,95.4,22.0,19.7,70.15,3.0,9.7,19.8,7.06,3.15,5.72,59.5,11.0,9.53,20.0,4.62,6.35,33.72,0.9,5.42,23.35,67.02,13.29
dsi_2008.pdf,758,2008,D22A105,DEĞİRMEN D. SALIPAZARI,"36°49'19"" Doğu 41°4'24"" Kuzey",74.5,1.811,57.37,770.0,24.3,33.2,64.5,18.5,3.8,18.5,25.7,3.25,5.9,29.6,1.47,3.4,48.85,0.13,0.53,0.6,0.6,0.92,0.6,0.33,0.22,0.16,0.11,0.11,0.33,1.62,4.61,2.4,0.91,2.98,5.28,0.8,0.563,1.37,0.248,0.237,0.801,2.0,21.7,61.9,32.2,12.2,40.0,70.9,10.7,7.56,18.3,3.33,3.19,58.2,161.0,86.3,32.7,100.0,190.0,27.8,20.2,47.5,8.93,8.54,109.6,3.0,4.34,12.0,6.43,2.44,7.46,14.2,2.07,1.51,3.54,0.665,3.67,21.39,0.39,1.82,23.67,70.9,5.11
dsi_2008.pdf,759,2008,D22A106,BATLAMA D. ÇUKURKÖY,"38°18'34"" Doğu 40°50'44"" Kuzey",122.0,2.343,74.03,607.0,19.2,31.4,21.9,10.2,2.26,9.53,16.8,8.46,9.53,32.8,3.7,0.704,26.65,0.472,0.782,0.472,0.347,1.04,2.13,0.546,0.347,0.268,0.397,0.17,0.63,3.16,4.22,2.02,1.12,2.92,7.07,1.59,1.92,2.62,0.843,0.347,0.313,2.0,25.9,34.6,16.6,9.14,23.9,58.0,13.0,15.7,21.5,6.91,2.85,69.3,89.7,44.4,24.5,59.9,155.0,33.8,42.0,55.7,18.5,7.63,79.5,3.0,8.46,10.9,5.42,2.99,7.31,18.9,4.12,5.13,6.8,2.26,5.73,14.49,0.63,2.35,19.17,56.66,6.75
dsi_2009.pdf,472,2009,D14A117,ÇĠLKORU D. GÖKDERE,"36°43'56"" Doğu 40°29'21"" Kuzey",78.0,0.783,18.205,316.0,10.0,0.17,0.22,0.22,10.3,23.1,13.8,3.2,8.75,1.53,2.1,0.17,0.2,0.1,0.049,0.07,0.17,1.12,1.24,1.4,0.4,0.17,0.13,0.1,0.07,0.105,0.096,0.098,1.21,1.6,2.61,1.92,1.03,0.334,0.215,0.111,0.126,2.0,1.34,1.24,1.26,15.5,20.5,33.5,24.6,13.2,4.29,2.75,1.42,3.6,3.2,3.37,41.4,49.5,89.7,63.7,35.4,11.1,7.37,3.8,3.4,3.0,0.299,0.352,0.373,0.7,3.19,4.61,3.51,2.58,0.57,0.293,1.65,5.31,0.42,0.79,10.13,26.3,1.5950000000000002
dsi_2009.pdf,483,2009,D14A144,BEĞERGEN D. AKARÇAY,"37°2'23"" Doğu 40°22'0"" Kuzey",16.4,0.131,4.04,253.0,8.0,0.034,0.07,0.09,1.0,0.4,1.0,0.56,1.2,0.35,0.09,0.072,0.05,0.005,0.014,0.044,0.044,0.26,0.18,0.03,0.18,0.04,0.004,0.002,0.01,0.01,0.023,0.063,0.237,0.293,0.332,0.18,0.317,0.098,0.019,0.009,0.005,2.0,0.633,1.39,3.83,14.4,17.9,20.2,11.0,19.3,5.99,1.18,0.537,1.7,3.59,10.2,38.7,43.2,54.2,28.5,51.7,15.5,3.16,1.44,2.64,3.0,0.021,0.229,0.177,0.477,0.871,1.07,0.468,0.288,0.262,0.14,1.51,0.41,0.07,0.13,8.2,21.21,0.65
dsi_2009.pdf,485,2009,D14A146,ÇĠLKORU D. MUSULLU,"36°40'7"" Doğu 40°32'9"" Kuzey",21.2,0.357,10.93,531.0,16.8,0.11,0.14,0.21,5.76,8.81,6.48,1.45,1.45,0.285,0.95,0.04,0.12,0.023,0.015,0.04,0.06,0.5,0.25,0.285,0.11,0.04,0.015,0.003,0.02,0.039,0.04,0.109,0.783,0.878,1.12,0.798,0.35,0.09,0.074,0.018,0.013,2.0,1.85,1.87,5.13,36.9,41.4,53.0,37.7,16.5,4.25,3.48,0.831,4.96,4.85,13.7,98.9,100.0,142.0,97.6,44.2,11.0,9.33,2.23,4.9,3.0,0.149,1.49,0.75,0.241,1.68,4.5,0.924,0.861,1.42,0.19,1.57,2.15,0.11,0.36,17.08,44.47,0.915
dsi_2009.pdf,486,2009,D14A149,HULAR D. ÇAMAĞZI,"36°39'42"" Doğu 40°26'16"" Kuzey",44.2,0.569,11.15,406.0,12.9,0.036,0.2,0.29,2.6,4.56,4.74,1.63,4.16,0.35,0.84,0.31,0.12,0.013,0.008,0.036,0.036,0.693,1.2,0.5,0.11,0.04,0.02,0.001,0.01,0.025,0.062,0.106,0.796,1.54,2.67,0.902,0.584,0.094,0.086,0.015,0.004,2.0,0.574,1.4,2.4,18.0,34.8,60.4,20.4,13.2,2.13,1.95,0.348,1.54,3.62,6.44,48.2,84.2,162.0,52.9,35.4,5.52,5.23,0.932,2.58,3.0,0.003,0.64,0.95,0.06,0.144,3.86,1.83,1.53,0.662,0.033,1.5,1.65,0.22,0.57,13.13,34.05,1.0150000000000001
dsi_2009.pdf,489,2009,D14A162,YEġĠLIRMAK KOZLU,"37°33'4"" Doğu 40°15'14"" Kuzey",712.62,8.629,302.04499999999996,382.0,12.1,3.05,22.2,5.7,5.96,26.4,52.7,56.5,46.6,13.9,9.1,2.38,12.62,0.972,0.816,1.71,1.93,4.66,5.96,11.4,8.8,5.7,1.93,0.816,0.89,1.64,2.82,3.12,3.63,8.77,16.5,29.1,22.5,9.46,3.69,1.18,1.39,2.0,2.3,3.95,4.39,5.09,12.3,23.2,40.8,31.6,13.3,5.17,1.65,6.17,10.3,11.7,13.6,29.8,62.2,106.0,84.6,34.4,13.9,4.43,8.24,3.0,4.35,6.66,17.3,11.4,8.81,101.0,61.3,34.1,17.4,4.9,3.68,21.43,3.8,8.65,12.15,32.11,21.340000000000003
dsi_2009.pdf,749,2009,D22A093,TURNASUYU CUMHURİYET KÖYÜ,"37°57'42"" Doğu 40°49'54"" Kuzey",210.0,6.345,200.04,953.0,30.2,55.7,22.5,16.8,27.2,23.0,37.0,19.0,29.8,5.8,103.0,5.8,39.1,1.2,1.03,2.55,2.77,4.32,4.04,2.98,1.12,0.948,0.7,0.78,1.12,5.06,3.08,5.37,7.92,8.33,10.0,5.78,6.35,1.63,9.64,2.14,10.9,2.0,24.1,14.7,25.6,37.7,39.6,47.6,27.5,30.2,7.76,45.9,10.2,64.6,38.0,68.5,101.0,95.9,128.0,71.4,81.0,20.1,123.0,27.3,51.3,3.0,13.6,7.99,14.4,21.2,20.1,26.8,15.0,17.0,4.23,25.8,8.3,32.06,1.96,6.35,26.07,72.51,14.79
dsi_2009.pdf,755,2009,D22A105,DEĞİRMEN D. SALIPAZARI,"36°49'19"" Doğu 41°4'24"" Kuzey",74.5,2.419,76.25,1023.0,32.5,18.5,34.4,19.0,32.6,50.2,15.0,8.45,19.0,13.3,52.8,47.8,26.45,0.33,0.33,0.53,0.82,0.66,1.1,0.48,0.33,0.22,0.13,0.22,0.33,1.73,2.81,2.67,3.89,4.59,4.07,1.2,1.76,0.66,1.89,0.99,2.91,2.0,23.3,37.7,35.8,52.2,61.6,54.7,16.1,23.6,8.86,25.4,13.3,62.3,97.8,95.8,140.0,149.0,146.0,41.8,63.2,23.0,68.1,35.6,80.05,3.0,4.64,7.28,7.14,10.4,11.1,10.9,3.11,4.71,1.71,5.07,3.82,28.12,0.46,2.43,29.55,83.55,6.07
dsi_2009.pdf,756,2009,D22A106,BATLAMA D. ÇUKURKÖY,"38°18'34"" Doğu 40°50'44"" Kuzey",122.0,2.858,90.23,740.0,23.4,14.7,13.3,15.1,14.2,6.75,13.8,8.1,9.89,21.2,113.0,2.26,14.0,0.861,0.347,0.782,1.14,1.04,2.38,1.39,0.347,0.268,0.198,0.268,0.6,2.03,1.6,2.0,3.27,2.47,5.1,3.06,2.36,0.819,5.51,0.701,5.31,2.0,16.6,13.1,16.4,26.8,20.2,41.8,25.1,19.4,6.71,45.2,5.74,44.5,33.9,43.9,71.9,49.0,112.0,65.0,51.9,17.4,121.0,15.4,39.2,3.0,5.43,4.14,5.36,8.77,5.97,13.7,7.93,6.33,2.12,14.8,4.22,20.52,0.8,2.85,19.92,55.42,6.81
dsi_2010.pdf,459,2010,D14A117,ÇİLKORU D. GÖKDERE,"36°43'56"" Doğu 40°29'21"" Kuzey",78.0,0.62,19.54,250.0,7.9,0.22,1.95,0.905,5.53,12.2,4.95,3.8,1.12,1.53,0.3,0.13,1.08,0.13,0.13,0.26,0.52,0.905,0.59,0.52,0.35,0.22,0.1,0.049,0.13,0.139,0.467,0.431,1.12,1.48,1.31,1.26,0.582,0.422,0.156,0.069,0.075,2.0,1.78,5.98,5.53,14.4,19.0,16.7,16.1,7.46,5.4,2.0,0.883,4.77,15.5,14.8,38.6,46.0,44.8,41.8,20.0,14.0,5.36,2.36,10.14,3.0,0.372,1.21,1.16,3.01,3.58,3.5,3.26,1.56,1.09,0.418,1.69,2.81,0.33,0.63,8.1,21.51,1.99
dsi_2010.pdf,469,2010,D14A144,BEĞERGEN D. AKARÇAY,"37°2'23"" Doğu 40°22'0"" Kuzey",16.4,0.128,4.04,246.0,7.8,0.014,0.4,0.12,0.35,0.76,1.51,0.362,0.19,3.27,0.19,0.026,0.21,0.002,0.007,0.04,0.09,0.274,0.14,0.057,0.044,0.034,0.02,0.005,0.0,0.008,0.088,0.066,0.178,0.36,0.399,0.18,0.108,0.101,0.052,0.009,0.004,2.0,0.472,5.38,4.04,10.9,22.0,24.3,11.0,6.56,6.17,3.19,0.574,1.26,14.0,10.8,29.1,53.1,65.2,28.5,17.6,16.0,8.53,1.54,7.63,3.0,0.021,0.229,0.177,0.477,0.871,1.07,0.468,0.288,0.262,0.14,1.51,0.62,0.06,0.13,8.05,21.1,0.71
dsi_2010.pdf,470,2010,D14A146,ÇİLKORU D. MUSULLU,"36°40'7"" Doğu 40°32'9"" Kuzey",21.2,0.301,9.5,448.0,14.2,0.17,1.45,0.61,4.05,6.96,2.6,1.8,0.41,0.86,0.09,0.023,0.81,0.007,0.04,0.11,0.25,0.41,0.25,0.21,0.14,0.06,0.015,0.003,0.02,0.019,0.344,0.228,0.625,0.818,0.703,0.564,0.187,0.132,0.032,0.005,0.005,2.0,0.889,16.2,10.8,29.5,38.6,33.1,26.6,8.83,6.21,1.51,0.245,2.38,42.0,28.8,78.9,93.3,88.8,69.0,23.7,16.1,4.06,0.656,22.19,3.0,0.05,0.891,0.611,1.67,1.98,1.88,1.46,0.502,0.341,0.086,1.52,1.65,0.13,0.31,14.54,39.16,1.17
dsi_2010.pdf,471,2010,D14A149,HULAR D. ÇAMAĞZI,"36°39'42"" Doğu 40°26'16"" Kuzey",44.2,0.399,12.57,284.0,9.0,0.07,0.975,1.05,3.09,5.02,3.95,1.7,0.72,3.63,0.44,0.11,0.52,0.009,0.02,0.04,0.23,0.31,0.61,0.56,0.31,0.11,0.11,0.03,0.01,0.013,0.127,0.146,0.715,0.858,0.928,0.905,0.451,0.377,0.215,0.051,0.038,2.0,0.301,2.87,3.31,16.2,19.4,21.0,20.5,10.2,8.53,4.86,1.15,0.805,7.44,8.86,43.3,46.9,56.2,53.1,27.3,22.1,13.0,3.07,4.12,3.0,0.036,0.329,0.391,1.92,2.07,2.48,2.35,1.21,0.977,0.575,1.52,1.77,0.2,0.4,9.19,23.85,1.4
dsi_2010.pdf,474,2010,D14A162,YEŞİLIRMAK KOZLU,"37°33'4"" Doğu 40°15'14"" Kuzey",712.62,10.55,332.75,467.0,14.8,2.38,91.1,33.6,21.8,63.1,104.0,48.3,16.3,22.2,4.92,1.49,46.74,0.894,1.05,4.92,10.7,11.1,16.3,13.9,8.5,2.6,0.153,0.048,0.97,1.21,12.2,11.7,14.1,19.2,28.6,18.9,13.2,6.48,1.58,0.105,0.07,2.0,1.7,17.2,16.4,19.7,27.0,40.2,26.5,18.5,9.1,2.22,0.148,4.57,44.5,43.9,52.8,65.2,108.0,68.6,49.5,23.6,5.96,0.395,24.54,3.0,3.25,31.7,31.3,37.6,46.5,76.7,48.9,35.3,16.8,4.24,3.12,37.99,5.93,10.61,15.06,40.96,28.2
dsi_2010.pdf,752,2010,D22A093,TURNASUYU CUMHURİYET KÖYÜ,"37°57'42"" Doğu 40°49'54"" Kuzey",210.0,5.671,178.8,851.0,27.0,18.8,152.0,16.2,26.6,40.2,54.0,19.0,34.6,28.4,9.06,2.77,85.4,0.41,2.28,2.72,2.72,4.26,3.76,2.55,1.2,0.62,0.78,0.46,1.34,2.28,16.8,5.21,6.0,13.5,9.21,6.5,3.23,3.06,1.8,0.584,0.742,2.0,10.8,5.5,24.8,28.6,64.4,43.9,31.0,15.4,14.6,8.57,2.78,29.1,14.3,66.4,76.5,156.0,118.0,80.2,41.3,37.8,23.0,7.45,118.05,3.0,6.1,43.5,14.0,16.1,32.7,24.7,16.8,8.66,7.94,4.82,4.55,40.59,1.92,5.74,27.24,80.07,15.24
dsi_2010.pdf,753,2010,D22A095,YAYLA D. SÖĞÜTAĞIL,"40°27'0"" Doğu 39°47'0"" Kuzey",110.0,2.235,70.43,640.0,20.3,0.656,2.19,1.32,1.01,3.58,15.1,16.8,9.67,3.38,0.445,0.15,1.42,0.156,0.466,0.5,0.326,0.19,0.807,5.04,3.23,0.351,0.084,0.035,0.31,0.258,1.24,0.683,0.524,0.786,6.65,9.15,5.95,1.08,0.218,0.116,0.112,2.0,2.35,11.3,6.21,4.76,7.15,60.4,83.2,54.1,9.81,1.99,1.06,6.29,29.2,16.6,12.8,17.3,162.0,216.0,145.0,25.4,5.32,2.83,17.74,3.0,0.691,3.22,1.83,1.4,1.9,17.8,23.7,15.9,2.8,0.585,1.85,4.64,0.96,2.23,20.36,54.71,6.22
dsi_2010.pdf,757,2010,D22A105,DEĞİRMEN D. SALIPAZARI,"36°49'19"" Doğu 41°4'24"" Kuzey",74.5,2.288,72.21,969.0,30.7,16.5,41.4,25.5,12.9,11.6,14.2,23.7,3.8,47.0,200.0,4.35,28.95,0.22,0.42,0.48,0.85,0.725,0.6,0.54,0.33,0.33,0.06,0.159,0.32,0.891,5.39,1.48,3.0,1.82,2.64,2.47,0.535,1.93,6.71,0.252,0.321,2.0,12.0,5.5,19.8,40.2,24.5,35.5,33.2,7.18,25.9,4.27,3.38,32.0,14.3,53.2,108.0,59.2,95.0,86.1,19.2,67.1,11.4,9.05,110.0,3.0,2.39,14.0,3.96,8.03,4.41,7.07,6.41,1.43,5.0,18.0,2.7,35.83,0.42,2.29,30.51,88.99,6.37
dsi_2011.pdf,478,2011,D14A117,ÇİLKORU D. GÖKDERE,"36°43'56"" Doğu 40°29'21"" Kuzey",78.0,0.486,15.33,197.0,6.2,0.22,1.95,0.905,5.53,12.2,4.95,3.8,1.12,1.53,0.3,0.13,1.08,0.13,0.13,0.26,0.52,0.905,0.59,0.52,0.35,0.22,0.1,0.049,0.13,0.152,0.167,0.545,0.379,0.506,1.6,1.01,0.788,0.302,0.161,0.12,0.093,2.0,1.95,2.14,6.98,4.86,6.48,20.5,13.0,10.1,3.88,2.07,1.53,5.23,5.56,18.7,13.0,15.7,54.9,33.7,27.1,10.0,5.54,4.11,5.4,3.0,0.408,0.433,1.46,1.01,1.22,4.28,2.63,2.11,0.784,0.432,1.7,2.1449999999999996,0.22,0.49,6.29,16.58,1.62
dsi_2011.pdf,487,2011,D14A144,BEĞERGEN D. AKARÇAY,"37°2'23"" Doğu 40°22'0"" Kuzey",16.4,0.096,3.03,185.0,5.9,0.174,0.118,0.146,0.045,0.242,1.1,0.552,0.654,0.23,0.064,0.026,0.15,0.001,0.014,0.01,0.016,0.016,0.079,0.104,0.174,0.02,0.005,0.002,0.01,0.02,0.04,0.054,0.037,0.065,0.35,0.232,0.249,0.06,0.02,0.013,0.01,2.0,1.19,2.43,3.29,2.27,3.97,21.4,14.2,15.2,3.67,1.19,0.767,3.2,6.31,8.82,6.08,9.6,57.2,36.7,40.7,9.51,3.19,2.05,4.76,3.0,0.052,0.104,0.145,0.1,0.158,0.938,0.602,0.667,0.156,0.052,1.53,0.29,0.04,0.1,5.96,15.68,0.63
dsi_2011.pdf,488,2011,D14A146,ÇİLKORU D. MUSULLU,"36°40'7"" Doğu 40°32'9"" Kuzey",21.2,0.275,8.68,409.0,13.0,0.285,0.09,1.6,2.15,0.79,6.0,1.3,2.3,0.5,0.25,0.21,0.19,0.007,0.023,0.023,0.11,0.14,0.25,0.41,0.21,0.09,0.023,0.015,0.02,0.033,0.044,0.324,0.236,0.313,0.854,0.742,0.51,0.142,0.064,0.026,0.012,2.0,1.55,2.09,15.3,11.1,14.8,40.3,35.0,24.1,6.71,3.01,1.23,4.15,5.42,40.9,29.8,35.7,108.0,90.8,64.4,17.4,8.05,3.31,4.78,3.0,0.088,0.115,0.867,0.631,0.758,2.29,1.92,1.37,0.369,0.171,1.54,1.31,0.11,0.27,13.1,34.39,1.09
dsi_2011.pdf,489,2011,D14A149,HULAR D. ÇAMAĞZI,"36°39'42"" Doğu 40°26'16"" Kuzey",44.2,0.215,6.79,154.0,4.9,0.302,0.134,1.78,0.302,0.572,6.64,1.05,1.15,0.389,0.214,0.08,0.22,0.009,0.02,0.04,0.23,0.31,0.61,0.56,0.31,0.11,0.11,0.03,0.01,0.036,0.032,0.343,0.109,0.178,0.962,0.407,0.329,0.131,0.037,0.003,0.001,2.0,0.825,0.722,7.76,2.46,4.04,21.8,9.21,7.44,2.96,0.842,0.072,2.21,1.87,20.8,6.59,9.77,58.3,23.9,19.9,7.67,2.26,0.192,2.04,3.0,0.098,0.083,0.919,0.291,0.432,2.58,1.06,0.881,0.339,0.1,1.55,1.07,0.21000000000000002,0.21,5.01,12.96,0.94
dsi_2011.pdf,492,2011,D14A162,YEŞİLIRMAK KOZLU,"37°33'4"" Doğu 40°15'14"" Kuzey",712.62,8.549,269.7,378.0,12.0,9.19,4.77,7.07,4.01,6.8,97.4,63.9,85.5,31.8,8.13,4.36,6.98,0.002,0.089,0.089,0.308,0.375,2.77,15.2,16.7,7.33,2.21,1.81,0.05,0.801,0.649,1.23,0.963,2.04,14.8,29.9,29.1,13.5,4.92,2.36,2.14,2.0,1.12,0.91,1.72,1.35,2.86,20.7,41.9,40.8,18.9,6.9,3.31,3.01,2.36,4.61,3.62,6.93,55.5,109.0,109.0,49.1,18.5,8.86,2.68,3.0,2.15,1.68,3.29,2.58,4.94,39.5,77.5,78.0,35.0,13.2,2.58,27.49,3.91,8.53,11.87,31.1,21.95
dsi_2011.pdf,785,2011,D22A093,TURNASUYU CUMHURİYET KÖYÜ,"37°57'42"" Doğu 40°49'54"" Kuzey",210.0,4.417,139.27,663.0,21.0,37.6,15.1,2.95,4.03,13.0,33.1,22.7,28.3,16.4,12.5,31.6,26.35,0.549,0.479,0.411,0.72,1.26,2.58,3.32,2.51,1.02,0.549,0.479,0.51,6.34,1.85,0.719,1.54,4.29,8.45,9.81,8.18,4.17,1.78,4.74,1.11,2.0,30.2,8.81,3.42,7.32,20.4,40.2,46.7,38.9,19.8,8.46,22.6,80.9,22.8,9.17,19.6,49.4,108.0,121.0,104.0,51.4,22.7,60.5,51.85,3.0,17.0,4.79,1.93,4.12,10.4,22.6,25.4,21.9,10.8,4.76,10.0,20.3,1.2,4.41,20.73,58.44,11.39
dsi_2011.pdf,786,2011,D22A095,YAYLA D. SÖĞÜTAĞIL,"40°27'0"" Doğu 39°47'0"" Kuzey",110.0,1.873,59.06,537.0,17.0,1.01,0.445,0.24,0.22,0.24,2.36,21.1,18.4,3.81,0.708,0.22,0.73,0.116,0.127,0.116,0.042,0.099,0.099,1.59,3.04,0.5,0.14,0.022,0.12,0.244,0.2,0.141,0.117,0.136,0.56,8.65,10.0,1.62,0.347,0.185,0.204,2.0,2.22,1.82,1.28,1.06,1.24,5.09,78.6,15.7,14.8,3.15,1.68,5.95,4.72,3.43,2.84,2.99,13.6,204.0,42.0,38.2,8.44,4.5,5.34,3.0,0.654,0.52,0.377,0.313,0.329,1.5,22.4,26.8,4.21,0.929,1.83,4.12,0.5,1.87,17.0,44.83,5.24
dsi_2011.pdf,790,2011,D22A105,DEĞİRMEN D. SALIPAZARI,"36°49'19"" Doğu 41°4'24"" Kuzey",74.5,3.133,98.8,1326.0,42.1,42.1,3.7,26.5,22.7,75.4,31.1,15.5,6.2,62.0,89.8,54.2,22.9,0.203,0.247,0.247,1.17,1.17,1.7,1.17,0.653,0.57,0.36,0.615,0.22,3.75,0.531,4.12,3.37,4.45,5.74,2.65,1.9,2.81,4.0,3.64,0.563,2.0,3.35,7.12,55.3,45.3,59.8,77.0,35.6,25.5,37.7,53.7,2.7,8.96,18.5,148.0,121.0,145.0,206.0,92.4,68.4,97.8,144.0,7.22,76.75,3.0,10.0,1.38,11.0,9.04,10.8,15.4,6.88,5.1,7.29,10.7,6.5,37.67,0.69,3.13,41.52,115.32,8.09
dsi_2012.pdf,542,2012,D14A144,BEĞERGEN D. AKARÇAY,"37°2'23"" Doğu 40°22'0"" Kuzey",16.4,0.103,3.27,199.0,6.3,0.039,0.052,0.026,0.552,0.428,1.5,1.5,0.366,0.242,0.045,0.016,0.05,0.001,0.014,0.01,0.016,0.016,0.079,0.104,0.174,0.02,0.005,0.002,0.01,0.012,0.014,0.011,0.045,0.082,0.466,0.457,0.069,0.069,0.012,0.005,0.002,2.0,0.755,0.85,0.677,2.77,4.97,28.4,27.9,4.23,4.2,0.714,0.299,2.02,2.2,1.81,7.41,12.5,76.1,72.2,11.3,10.9,1.91,0.801,2.11,3.0,0.033,0.036,0.03,0.121,0.204,1.25,1.18,0.186,0.179,0.031,1.52,0.4,0.06,0.1,6.48,16.77,0.65
dsi_2012.pdf,546,2012,D14A162,YEŞİLIRMAK KOZLU,"37°33'4"" Doğu 40°15'14"" Kuzey",712.62,7.015,221.86,311.0,9.8,4.01,3.12,3.3,4.99,4.54,10.4,92.5,29.6,18.2,6.8,2.63,3.56,1.12,0.754,0.754,0.92,0.505,1.69,7.86,13.7,4.36,1.12,1.02,0.94,1.96,1.63,1.39,1.57,1.71,4.75,36.3,20.2,9.2,3.04,1.38,1.33,2.0,2.75,2.28,1.95,2.21,2.4,6.66,51.0,28.4,12.9,4.27,1.93,7.37,5.92,5.21,5.92,6.01,17.8,132.0,75.9,33.5,11.4,5.17,6.64,3.0,5.25,4.22,3.72,4.22,4.28,12.7,94.2,54.1,23.9,8.15,4.12,15.3,2.9,7.04,9.9,26.07,18.49
dsi_2012.pdf,858,2012,D22A093,TURNASUYU CUMHURİYET KÖYÜ,"37°57'42"" Doğu 40°49'54"" Kuzey",210.0,4.693,148.43,707.0,22.3,28.3,51.3,13.0,6.48,6.14,17.8,45.8,24.5,20.9,30.2,3.5,39.8,0.549,1.65,1.26,1.99,1.82,1.84,4.03,2.17,0.479,0.244,0.244,1.1,4.09,6.89,3.85,2.86,2.78,6.66,16.8,5.62,3.37,2.14,0.691,0.698,2.0,19.5,32.8,18.4,13.6,13.2,31.7,80.2,26.8,16.0,10.2,3.29,52.2,85.1,49.2,36.5,33.1,84.9,208.0,71.7,41.6,27.3,8.82,68.65,3.0,11.0,17.9,10.3,7.66,6.96,17.8,43.6,15.1,8.73,5.72,7.0,23.98,1.45,4.7,22.31,63.92,12.9
dsi_2012.pdf,862,2012,D22A105,DEĞİRMEN D. SALIPAZARI,"36°49'19"" Doğu 41°4'24"" Kuzey",74.5,2.253,71.28,957.0,30.2,31.1,22.6,13.6,19.7,13.2,18.6,14.1,12.7,12.2,5.16,3.38,26.85,0.127,0.621,0.335,0.621,1.11,1.36,0.169,0.104,0.058,0.127,0.203,0.37,1.95,3.01,1.93,2.62,3.31,5.25,2.61,0.389,0.284,3.61,1.83,0.217,2.0,26.2,40.4,25.9,35.2,44.4,70.5,35.1,5.22,3.82,48.5,24.6,70.1,105.0,69.3,94.4,111.0,189.0,90.9,14.0,9.89,130.0,65.8,87.55,3.0,5.22,7.8,5.16,7.03,8.29,14.1,6.77,1.04,0.737,9.67,4.11,87.89,0.43,2.25,30.15,86.41,6.08
dsi_2012.pdf,884,2012,E22A054,AKÇAY  DURAKLI,"37°8'50"" Doğu 41°6'38"" Kuzey",222.2,5.355,169.27,762.0,24.1,28.3,24.9,28.3,26.9,30.3,35.8,21.8,2.42,13.5,14.0,18.8,26.6,1.18,2.42,1.65,2.77,4.2,6.4,1.28,0.732,0.418,0.58,0.58,1.8,4.26,8.54,4.98,6.31,10.4,13.3,7.38,1.19,1.6,2.86,2.87,0.838,2.0,19.2,38.4,22.4,28.4,46.6,59.8,33.2,5.36,7.19,12.9,12.9,51.3,99.6,60.1,76.1,117.0,160.0,86.1,14.4,18.6,34.5,34.6,75.45,3.0,11.4,22.1,13.3,16.9,26.0,35.6,19.1,3.19,4.14,7.67,7.2,22.64,2.0,5.38,24.03,68.98,14.13
dsi_2012.pdf,888,2012,E22A065,ELEKÇİ DERESİ BOZDAĞI,"37°26'10"" Doğu 40°59'18"" Kuzey",386.4,5.817,184.0,476.0,15.1,29.4,76.9,41.2,8.4,25.8,36.9,35.4,11.8,19.8,14.5,3.37,53.15,0.974,3.37,2.81,3.09,3.37,7.72,3.77,2.26,0.974,0.562,0.562,2.17,3.34,9.38,5.26,5.11,8.28,15.5,12.0,3.63,3.4,2.13,1.02,0.992,2.0,8.65,24.3,13.6,13.2,21.4,40.0,31.1,9.4,8.8,5.51,2.65,23.2,62.9,36.5,35.4,53.7,107.0,80.7,25.2,22.8,14.8,7.09,43.05,3.0,8.95,24.3,14.1,13.7,20.8,41.4,31.2,9.73,8.81,5.7,5.98,29.72,2.64,5.84,15.05,42.7,15.64
dsi_2013.pdf,514,2013,D14A011,LADİK G. REG. ÇIKIŞI,"36°1'14"" Doğu 40°55'13"" Kuzey",145.1,1.611,50.76,350.0,11.1,4.59,2.67,1.2,0.164,0.084,7.69,16.2,7.69,12.1,12.3,11.0,3.63,0.582,0.495,0.037,0.022,0.022,0.037,0.874,1.2,1.08,0.495,0.34,0.54,0.671,0.892,0.151,0.105,0.046,2.46,4.37,2.27,3.48,3.0,0.869,0.969,2.0,4.62,6.15,1.04,0.721,0.315,16.9,30.1,15.7,24.0,20.7,5.99,12.4,15.9,2.79,1.93,0.761,45.4,78.0,42.0,62.1,55.4,16.0,14.15,3.0,1.8,2.31,0.404,0.28,0.11,6.58,11.3,6.09,9.01,8.04,2.4,6.61,0.48,1.61,10.69,28.9,4.28
dsi_2013.pdf,529,2013,D14A117,ÇİLKORU D. GÖKDERE,"36°43'56"" Doğu 40°29'21"" Kuzey",78.0,0.5395,14.62,187.0,5.9,0.17,0.17,0.131,0.17,0.863,4.47,7.61,1.57,1.1,0.225,0.131,0.17,0.098,0.098,0.098,0.098,0.336,0.697,0.447,0.17,0.07,0.07,0.048,0.1,0.098,0.098,0.1,0.113,0.163,1.31,2.38,0.622,0.373,0.127,0.092,0.085,2.0,1.26,1.26,1.28,1.45,2.09,16.8,30.5,7.98,4.79,1.62,1.18,3.37,3.26,3.44,3.88,5.24,45.0,79.0,21.4,12.4,4.35,3.15,3.32,3.0,0.262,0.254,0.268,0.303,0.409,3.51,6.17,1.67,0.968,0.339,1.63,1.4,0.19,0.46,6.02,15.65,1.57
dsi_2013.pdf,540,2013,D14A144,BEĞERGEN D. AKARÇAY,"37°2'23"" Doğu 40°22'0"" Kuzey",16.4,0.098,3.1,189.0,6.0,0.052,0.377,0.313,0.504,0.504,0.504,0.313,0.169,0.084,0.014,0.002,0.21,0.001,0.014,0.01,0.016,0.016,0.079,0.104,0.174,0.02,0.005,0.002,0.01,0.017,0.068,0.175,0.183,0.217,0.28,0.147,0.076,0.017,0.003,0.001,0.001,2.0,1.03,4.15,10.7,11.2,13.2,17.1,8.99,4.63,1.04,0.155,0.061,2.75,10.8,28.6,29.9,32.0,45.7,23.3,12.4,2.71,0.416,0.163,6.78,3.0,0.045,0.177,0.469,0.49,0.525,0.749,0.382,0.203,0.044,0.007,1.52,0.25,0.06,0.1,6.19,16.29,0.63
dsi_2013.pdf,541,2013,D14A146,ÇİLKORU D. MUSULLU,"36°40'7"" Doğu 40°32'9"" Kuzey",21.2,0.182,5.75,271.0,8.6,0.09,1.45,1.3,1.3,0.61,2.45,5.04,0.285,0.14,0.023,0.015,0.77,0.003,0.015,0.11,0.06,0.14,0.21,0.09,0.023,0.015,0.007,0.003,0.01,0.009,0.206,0.349,0.378,0.274,0.516,0.336,0.074,0.026,0.015,0.005,0.005,2.0,0.403,9.73,16.5,17.8,12.9,24.3,15.8,3.48,1.25,0.695,0.251,1.08,25.2,44.1,47.7,31.2,65.2,41.1,9.33,3.23,1.86,0.672,13.14,3.0,0.023,0.535,0.934,1.01,0.662,1.38,0.87,0.198,0.069,0.039,1.51,1.12,0.06,0.18,8.76,23.65,0.85
dsi_2013.pdf,542,2013,D14A149,HULAR D. ÇAMAĞZI,"36°39'42"" Doğu 40°26'16"" Kuzey",44.2,0.253,7.98,181.0,5.7,0.024,0.95,3.75,2.22,1.8,4.37,2.8,0.254,0.443,0.102,0.01,0.49,0.009,0.02,0.04,0.23,0.31,0.61,0.56,0.31,0.11,0.11,0.03,0.01,0.036,0.032,0.343,0.109,0.178,0.962,0.407,0.329,0.131,0.037,0.003,0.001,2.0,0.215,3.45,12.5,10.7,15.2,14.6,9.2,1.83,1.12,0.455,0.044,0.577,8.95,33.5,28.8,36.8,39.1,23.9,4.91,2.9,1.22,0.117,4.76,3.0,0.025,0.396,1.48,1.27,1.63,1.73,1.05,0.217,0.128,0.054,1.51,1.43,0.21000000000000002,0.355,5.94,15.46,1.04
dsi_2013.pdf,545,2013,D14A162,YEŞİLIRMAK KOZLU,"37°33'4"" Doğu 40°15'14"" Kuzey",712.62,8.01,252.62,354.0,11.2,4.99,28.1,10.7,15.6,20.6,75.7,53.8,14.5,8.13,3.48,2.21,16.55,1.02,1.02,2.49,2.63,8.2,10.0,11.0,5.44,1.94,0.837,0.089,1.02,1.47,4.93,5.28,6.27,11.2,25.4,22.4,10.3,4.49,1.73,1.43,1.67,2.0,2.06,6.92,7.41,8.8,15.7,35.6,31.4,14.4,6.31,2.43,2.0,5.53,17.9,19.8,23.6,38.0,95.4,81.4,38.6,16.3,6.51,5.36,11.72,3.0,3.94,12.8,14.1,16.8,27.1,68.0,58.0,27.5,11.6,4.64,3.47,21.2,3.81,8.05,11.25,30.01,20.91
dsi_2014.pdf,485,2014,D14A011,LADİK G. REG. ÇIKIŞI,"36°1'14"" Doğu 40°55'13"" Kuzey",145.1,0.615,19.39,134.0,4.2,0.417,5.26,0.12,0.164,0.12,0.084,9.09,6.11,17.5,10.8,1.96,2.84,0.216,0.084,0.084,0.037,0.037,0.037,0.037,0.022,0.012,0.273,0.004,0.15,0.306,0.178,0.106,0.099,0.088,0.061,1.55,0.293,1.5,3.11,0.064,0.01,2.0,2.11,1.22,0.731,0.679,0.605,0.423,10.6,2.02,10.4,21.4,0.438,5.64,3.17,1.96,1.82,1.46,1.13,27.6,5.41,26.8,57.3,1.17,4.4,3.0,0.819,0.46,0.284,0.264,0.212,0.164,4.0,0.785,3.89,8.32,1.91,4.54,0.08,0.61,4.39,11.49,2.01
dsi_2014.pdf,508,2014,D14A144,BEĞERGEN D. AKARÇAY,"37°2'23"" Doğu 40°22'0"" Kuzey",16.4,0.027,0.86,52.0,1.7,0.008,0.014,0.169,0.063,0.169,0.137,0.137,0.169,0.137,0.022,0.004,0.01,0.001,0.001,0.014,0.014,0.014,0.022,0.022,0.014,0.004,0.001,0.001,0.0,0.001,0.008,0.048,0.022,0.023,0.065,0.055,0.04,0.053,0.008,0.002,0.001,2.0,0.075,0.494,2.9,1.34,1.41,3.96,3.33,2.43,3.2,0.515,0.092,0.2,1.28,7.77,3.59,3.4,10.6,8.63,6.5,8.3,1.38,0.248,0.74,3.0,0.003,0.021,0.127,0.059,0.056,0.174,0.142,0.107,0.136,0.023,1.5,0.09,0.01,0.03,1.81,4.39,0.45
dsi_2014.pdf,509,2014,D14A146,ÇİLKORU D. MUSULLU,"36°40'7"" Doğu 40°32'9"" Kuzey",21.2,0.041,1.28,60.0,1.9,0.09,0.09,0.04,0.17,0.09,0.21,0.21,0.25,0.09,0.023,0.25,0.09,0.003,0.015,0.11,0.06,0.14,0.21,0.09,0.023,0.015,0.007,0.003,0.01,0.013,0.018,0.022,0.043,0.048,0.103,0.11,0.093,0.028,0.002,0.001,0.007,2.0,0.595,0.829,1.05,2.05,2.24,4.85,5.19,4.4,1.34,0.099,0.052,1.59,2.15,2.8,5.49,5.42,13.0,13.4,11.8,3.47,0.265,0.139,1.87,3.0,0.034,0.046,0.059,0.116,0.115,0.276,0.285,0.25,0.074,0.006,1.52,0.13,0.08,0.04,2.06,5.12,0.48
dsi_2014.pdf,510,2014,D14A149,HULAR D. ÇAMAĞZI,"36°39'42"" Doğu 40°26'16"" Kuzey",44.2,0.071,2.24,51.0,1.6,0.024,0.95,3.75,2.22,1.8,4.37,2.8,0.254,0.443,0.102,0.01,0.49,0.009,0.02,0.04,0.23,0.31,0.61,0.56,0.31,0.11,0.11,0.03,0.01,0.036,0.032,0.343,0.109,0.178,0.962,0.407,0.329,0.131,0.037,0.003,0.001,2.0,0.215,3.45,12.5,10.7,15.2,14.6,9.2,1.83,1.12,0.455,0.044,0.577,8.95,33.5,28.8,36.8,39.1,23.9,4.91,2.9,1.22,0.117,4.76,3.0,0.039,0.091,0.075,0.274,0.225,0.866,0.172,0.426,0.073,0.003,1.52,1.43,0.21000000000000002,0.355,7.09,18.94,0.56
dsi_2014.pdf,513,2014,D14A162,YEŞİLIRMAK KOZLU,"37°33'4"" Doğu 40°15'14"" Kuzey",712.62,1.967,62.05,87.0,2.8,4.35,4.81,3.21,4.35,3.38,11.6,5.56,6.92,17.7,2.75,1.53,4.58,0.493,0.96,1.03,0.855,1.03,1.4,2.31,1.57,0.908,0.369,0.4,0.73,1.36,1.19,1.46,1.4,1.58,4.88,3.73,3.03,1.93,0.857,0.73,1.43,2.0,1.9,1.67,2.04,1.97,2.22,6.85,5.24,4.25,2.71,1.2,1.02,5.1,4.33,5.48,5.26,5.38,18.3,13.6,11.4,7.03,3.22,2.74,4.72,3.0,3.63,3.09,3.9,3.75,3.83,13.1,9.68,8.11,5.01,2.3,3.32,5.9,1.0,1.96,2.76,7.21,5.23
dsi_2014.pdf,966,2014,E22A065,ELEKÇİ DERESİ BOZDAĞI,"37°26'10"" Doğu 40°59'18"" Kuzey",386.4,2.574,81.27,210.0,6.7,24.6,2.81,20.7,9.75,4.98,24.6,11.1,9.08,23.4,13.8,1.98,13.7,0.562,0.481,1.23,1.23,1.23,1.98,1.48,1.23,0.562,0.481,0.32,0.52,2.14,1.11,4.69,4.18,2.39,4.13,2.8,2.82,2.87,0.917,0.667,2.11,2.0,5.54,2.88,12.1,10.8,6.19,10.7,7.25,7.3,7.42,2.37,1.73,14.8,7.48,32.5,29.0,15.0,28.6,18.8,19.6,19.2,6.36,4.63,11.14,3.0,5.73,2.89,12.6,11.2,5.79,11.1,7.26,7.56,7.43,2.46,4.36,13.38,0.94,2.57,6.36,17.26,6.78
dsi_2015.pdf,516,2015,D14A117,ÇİLKORU D. GÖKDERE,"36°43'56"" Doğu 40°29'21"" Kuzey",78.0,0.593,18.69,240.0,7.6,0.17,4.2,2.25,2.1,5.53,12.6,7.48,0.66,0.81,0.3,0.13,2.18,0.07,0.07,0.17,0.3,0.22,1.24,0.66,0.22,0.13,0.07,0.049,0.07,0.072,0.234,0.493,0.561,1.11,2.18,1.5,0.394,0.284,0.16,0.085,0.085,2.0,0.922,3.0,6.32,7.2,14.3,27.9,19.3,5.05,3.64,2.05,1.08,2.47,7.79,16.9,19.3,34.5,74.8,49.9,13.5,9.43,5.49,2.9,5.13,3.0,0.193,0.607,1.32,1.5,2.69,5.83,3.89,1.05,0.735,0.429,1.6,3.2,0.27,0.6,7.73,20.18,1.9
dsi_2015.pdf,524,2015,D14A144,BEĞERGEN D. AKARÇAY,"37°2'23"" Doğu 40°22'0"" Kuzey",16.4,0.157,4.94,301.0,9.6,0.032,0.504,0.987,0.568,0.568,0.696,0.696,0.249,0.887,0.169,0.823,0.27,0.001,0.002,0.109,0.137,0.137,0.109,0.169,0.137,0.032,0.004,0.004,0.0,0.002,0.1,0.204,0.28,0.194,0.283,0.533,0.168,0.078,0.034,0.007,0.003,2.0,0.12,6.11,12.4,17.1,11.8,17.3,32.5,10.2,4.78,2.04,0.429,0.321,15.8,33.3,45.8,28.6,46.3,84.3,27.4,12.4,5.47,1.15,8.06,3.0,0.005,0.26,0.546,0.751,0.469,0.759,1.38,0.45,0.203,0.09,1.5,0.54,0.07,0.16,9.73,25.74,0.78
dsi_2015.pdf,525,2015,D14A146,ÇİLKORU D. MUSULLU,"36°40'7"" Doğu 40°32'9"" Kuzey",21.2,0.232,7.31,345.0,10.9,0.11,4.55,1.04,1.04,5.28,6.0,2.45,0.32,0.86,0.14,0.015,2.33,0.007,0.04,0.06,0.21,0.21,0.04,0.06,0.14,0.06,0.003,0.001,0.02,0.015,0.222,0.283,0.257,0.617,0.598,0.471,0.195,0.115,0.033,0.006,0.005,2.0,0.691,10.5,13.3,12.1,29.1,28.2,22.2,9.18,5.42,1.57,0.297,1.85,27.1,35.7,32.4,70.4,75.5,57.6,24.6,14.1,4.2,0.795,14.48,3.0,0.039,0.575,0.758,0.688,1.49,1.6,1.22,0.521,0.298,0.089,1.52,2.01,0.07,0.23,11.21,29.89,0.98
dsi_2015.pdf,526,2015,D14A149,HULAR D. ÇAMAĞZI,"36°39'42"" Doğu 40°26'16"" Kuzey",44.2,0.233,7.34,166.0,5.3,0.003,0.85,3.18,1.05,1.5,4.2,1.5,0.85,0.142,0.024,0.003,0.43,0.009,0.02,0.04,0.23,0.31,0.61,0.56,0.31,0.11,0.11,0.03,0.01,0.036,0.032,0.343,0.109,0.178,0.962,0.407,0.329,0.131,0.037,0.003,0.001,2.0,0.041,1.22,5.27,6.95,11.9,22.0,10.1,4.94,0.97,0.263,0.014,0.109,3.16,14.1,18.6,28.8,58.9,26.1,13.2,2.51,0.706,0.037,1.63,3.0,0.005,0.14,0.624,0.823,1.27,2.6,1.15,0.584,0.111,0.031,1.5,1.14,0.21000000000000002,0.355,5.47,13.99,0.99
dsi_2015.pdf,529,2015,D14A162,YEŞİLIRMAK KOZLU,"37°33'4"" Doğu 40°15'14"" Kuzey",712.62,8.081,254.89,358.0,11.3,23.6,17.5,21.7,10.4,8.47,62.9,134.0,31.7,21.5,4.77,2.92,20.55,1.27,0.99,2.94,3.12,3.34,6.17,16.0,10.6,3.27,0.716,0.331,1.13,3.18,4.09,7.58,4.31,3.98,16.4,29.4,16.0,7.39,2.09,1.39,1.1,2.0,4.46,5.75,10.6,6.04,5.58,23.0,41.2,22.5,10.4,2.93,1.95,11.9,14.9,28.5,16.2,13.5,61.7,107.0,60.1,26.9,7.86,5.21,13.4,3.0,8.51,10.6,20.3,11.5,9.63,44.0,76.1,42.9,19.2,5.6,5.76,30.0,4.16,8.08,11.37,30.6,21.42
dsi_2015.pdf,892,2015,D22A093,TURNASUYU CUMHURİYET KÖYÜ,"37°57'42"" Doğu 40°49'54"" Kuzey",210.0,5.994,189.04,900.0,28.5,83.6,68.4,36.0,9.98,20.0,29.7,36.0,13.4,29.7,17.8,5.35,76.0,0.549,1.13,0.917,2.58,3.32,2.39,0.244,0.72,0.294,0.011,0.069,0.84,6.87,11.0,8.02,5.61,5.98,11.7,10.2,2.98,5.28,3.34,0.566,0.425,2.0,32.7,52.6,38.2,26.7,28.5,55.9,48.4,14.2,25.1,15.9,2.7,87.7,136.0,102.0,71.6,68.9,150.0,126.0,38.0,65.2,42.5,7.22,111.85,3.0,18.4,28.6,21.5,15.0,14.5,31.4,26.4,7.98,13.7,8.94,10.7,35.49,1.09,6.0,28.58,83.91,16.68
dsi_2015.pdf,893,2015,D22A095,YAYLA D. SÖĞÜTAĞIL,"39°46'59"" Doğu 40°27'16"" Kuzey",110.0,1.707,53.85,490.0,15.5,1.02,1.02,0.48,0.418,0.653,4.61,21.5,15.1,4.4,0.404,0.215,1.02,0.1,0.178,0.206,0.22,0.262,0.388,3.6,3.0,0.376,0.185,0.135,0.14,0.237,0.382,0.3,0.315,0.384,1.26,7.0,8.76,1.2,0.26,0.175,0.154,2.0,2.15,3.47,2.73,2.86,3.5,11.4,63.6,15.7,10.9,2.37,1.59,5.77,9.0,7.3,7.67,8.46,30.6,165.0,42.0,28.2,6.34,4.27,7.38,3.0,0.635,0.99,0.803,0.844,0.93,3.37,18.1,23.5,3.11,0.697,1.82,4.24,0.73,1.7,15.51,41.08,4.82
dsi_2015.pdf,897,2015,D22A105,DEĞİRMEN D. SALIPAZARI,"36°49'19"" Doğu 41°4'24"" Kuzey",74.5,2.472,77.88,1045.0,33.2,62.8,5.51,12.5,12.5,22.1,21.6,33.0,1.85,62.0,20.5,64.4,153.4,0.076,0.159,0.247,0.653,0.247,0.653,0.304,0.024,0.013,0.013,0.013,0.12,2.05,6.54,1.67,2.64,3.66,4.87,3.78,0.212,2.25,0.684,0.827,0.707,2.0,27.5,5.5,22.4,35.4,49.1,65.4,50.8,2.85,30.3,9.19,11.1,73.8,14.3,60.0,94.9,119.0,175.0,132.0,7.64,78.4,24.6,29.7,13.14,3.0,5.5,16.9,4.47,7.07,8.85,13.0,9.81,0.569,5.84,1.83,4.25,59.22,0.21,2.49,32.82,97.7,6.76
dsi_2015.pdf,898,2015,D22A106,BATLAMA D. ÇUKURKÖY,"38°18'30"" Doğu 40°50'36"" Kuzey",122.0,3.669,115.81,949.0,30.1,62.8,31.6,19.1,12.4,6.04,13.0,19.1,19.8,40.1,12.6,2.7,47.2,1.04,0.527,0.668,1.18,1.18,1.43,3.0,0.41,0.006,0.911,0.686,0.78,4.13,4.74,3.4,4.17,2.68,5.37,6.34,2.48,6.24,2.86,0.895,0.737,2.0,33.8,38.8,27.9,34.2,22.0,44.0,52.0,20.3,8.8,23.5,7.34,90.6,101.0,74.6,91.5,53.2,118.0,135.0,54.5,22.8,62.8,19.7,95.8,3.0,11.1,12.3,9.11,11.2,6.48,14.4,16.4,6.65,16.2,7.66,7.05,23.87,0.98,3.67,29.74,85.81,10.13
dsi_2015.pdf,927,2015,E22A054,AKÇAY  DURAKLI,"37°8'50"" Doğu 41°6'38"" Kuzey",222.2,6.309,198.98,895.0,28.4,5.48,5.51,38.1,55.0,39.1,59.1,83.5,5.51,90.5,12.6,64.2,11.08,0.5,0.69,1.31,1.6,0.88,2.32,2.56,0.69,1.02,0.349,0.349,0.6,4.97,14.3,6.21,8.36,7.49,12.1,12.2,1.73,5.47,1.4,1.33,0.521,2.0,22.3,5.5,27.9,37.6,33.7,54.5,55.0,7.78,24.6,6.3,5.97,59.9,166.0,74.9,101.0,81.6,146.0,142.0,20.8,63.8,16.9,16.0,112.95,3.0,13.3,37.0,16.6,22.4,18.1,32.5,31.6,4.63,14.2,3.75,8.15,91.8,1.07,6.34,28.49,83.49,17.1
dsi_2015.pdf,931,2015,E22A065,ELEKÇİ DERESİ BOZDAĞI,"37°26'10"" Doğu 40°59'18"" Kuzey",386.4,10.318,325.45,842.0,26.7,47.1,5.51,35.4,50.0,36.9,56.9,75.0,21.6,12.8,20.7,4.58,146.05,0.214,0.401,1.73,2.26,2.26,4.17,3.37,0.023,0.103,2.54,0.178,0.31,9.71,18.5,8.38,12.3,9.98,16.9,13.9,4.14,24.5,4.36,0.92,0.769,2.0,25.1,47.8,21.7,31.8,25.8,43.9,36.0,10.7,8.8,11.3,2.38,67.3,124.0,58.1,85.1,62.5,117.0,93.4,28.7,22.8,30.2,6.38,95.65,3.0,26.0,47.8,22.5,32.9,24.1,45.4,36.1,11.1,63.4,11.7,14.5,108.1,1.46,10.36,26.82,77.69,28.21
dsi_2016.pdf,518,2016,D14A117,ÇİLKORU D. GÖKDERE,"36°43'56"" Doğu 40°29'21"" Kuzey",78.0,0.424,13.42,172.0,5.4,0.13,0.13,4.2,0.4,3.8,5.2,1.12,1.8,2.4,0.59,0.13,0.13,0.07,0.07,0.049,0.01,0.26,0.59,0.4,0.26,0.1,0.049,0.07,0.07,0.099,0.1,0.199,0.159,1.18,1.37,0.675,0.639,0.373,0.152,0.096,0.09,2.0,1.27,1.28,2.56,2.03,15.1,17.5,8.65,8.19,4.78,1.94,1.23,3.4,3.32,6.85,5.45,37.8,46.9,22.4,21.9,12.4,5.21,3.3,3.36,3.0,0.265,0.259,0.534,0.425,2.95,3.66,1.75,1.71,0.967,0.406,1.63,1.67,0.17,0.43,5.54,14.36,1.46
dsi_2016.pdf,525,2016,D14A144,BEĞERGEN D. AKARÇAY,"37°2'23"" Doğu 40°22'0"" Kuzey",16.4,0.15,4.75,289.0,9.2,0.002,0.014,0.022,0.205,0.987,0.759,0.377,1.09,0.632,0.205,0.084,0.01,0.001,0.002,0.109,0.137,0.137,0.109,0.169,0.137,0.032,0.004,0.004,0.0,0.001,0.005,0.013,0.108,0.471,0.521,0.179,0.206,0.211,0.095,0.006,0.002,2.0,0.061,0.274,0.791,6.61,28.7,31.8,10.9,12.5,12.9,5.77,0.372,0.163,0.711,2.12,17.7,72.0,85.0,28.3,33.6,33.3,15.4,0.996,0.44,3.0,0.003,0.012,0.035,0.29,1.18,1.39,0.464,0.551,0.547,0.253,1.5,0.37,0.06,0.15,9.39,24.14,0.77
dsi_2016.pdf,526,2016,D14A146,ÇİLKORU D. MUSULLU,"36°40'7"" Doğu 40°32'9"" Kuzey",21.2,0.207,6.55,309.0,9.8,0.04,0.06,0.06,0.32,2.3,3.8,0.61,1.04,0.95,0.21,0.04,0.05,0.003,0.015,0.023,0.001,0.14,0.25,0.14,0.11,0.04,0.023,0.007,0.01,0.014,0.034,0.034,0.159,0.798,0.655,0.28,0.289,0.136,0.075,0.021,0.018,2.0,0.671,1.62,1.61,7.52,37.6,30.9,13.2,13.6,6.42,3.55,1.01,1.8,4.2,4.32,20.1,94.3,82.7,34.2,36.6,16.6,9.5,2.71,3.0,3.0,0.038,0.089,0.092,0.427,2.0,1.75,0.725,0.775,0.353,0.201,1.52,0.79,0.06,0.21,9.98,25.84,0.91
dsi_2016.pdf,527,2016,D14A149,HULAR D. ÇAMAĞZI,"36°39'42"" Doğu 40°26'16"" Kuzey",44.2,0.603,19.07,431.0,13.7,0.005,0.06,0.025,2.57,7.6,9.22,1.8,8.6,3.05,0.25,0.007,0.03,0.009,0.02,0.04,0.23,0.31,0.61,0.56,0.31,0.11,0.11,0.03,0.01,0.036,0.032,0.343,0.109,0.178,0.962,0.407,0.329,0.131,0.037,0.003,0.001,2.0,0.01,0.576,0.392,10.9,48.6,78.1,11.0,7.65,6.65,0.974,0.041,0.027,1.49,1.05,29.2,122.0,209.0,28.6,20.5,17.2,2.61,0.109,0.76,3.0,0.001,0.066,0.046,1.29,5.38,9.24,1.26,0.906,0.762,0.115,1.5,2.77,0.21000000000000002,0.355,13.91,36.05,1.96
dsi_2016.pdf,529,2016,D14A162,YEŞİLIRMAK KOZLU,"37°33'4"" Doğu 40°15'14"" Kuzey",712.62,9.3,294.13,413.0,13.1,3.1,4.69,4.69,8.25,47.9,44.5,52.6,111.0,36.0,14.2,5.72,3.9,1.18,1.07,1.52,1.29,3.28,12.0,10.9,10.1,4.95,2.22,1.52,1.12,1.75,1.66,2.06,3.79,12.1,21.5,22.5,25.1,12.7,4.67,1.96,2.1,2.0,2.46,2.33,2.89,5.32,17.0,30.2,31.5,35.2,17.8,6.55,2.76,6.59,6.04,7.73,14.3,42.6,80.8,81.7,94.3,46.1,17.5,7.38,6.32,3.0,4.7,4.31,5.51,10.2,30.4,57.6,58.2,67.2,32.8,12.5,3.85,28.05,4.26,9.32,13.0,34.28,24.19
dsi_2016.pdf,898,2016,D22A093,TURNASUYU CUMHURİYET KÖYÜ,"37°57'42"" Doğu 40°49'54"" Kuzey",210.0,6.956,219.81,1047.0,33.1,25.5,36.0,7.85,35.0,35.0,26.8,19.1,84.3,17.3,64.1,5.08,30.75,0.294,0.549,1.13,2.39,5.35,2.95,2.58,1.38,0.72,0.813,0.479,0.42,3.47,6.9,2.89,9.46,15.1,9.01,6.47,11.6,4.6,7.34,1.12,5.92,2.0,16.5,32.9,13.7,45.0,72.0,42.9,30.8,55.2,21.9,34.9,5.31,44.2,85.2,36.8,121.0,180.0,115.0,79.9,148.0,56.8,93.6,14.2,64.7,3.0,9.29,17.9,7.73,25.3,37.9,24.1,16.8,31.0,11.9,19.6,6.14,32.23,1.59,6.99,31.09,86.62,17.56
dsi_2016.pdf,899,2016,D22A095,YAYLA D. SÖĞÜTAĞIL,"39°46'59"" Doğu 40°27'16"" Kuzey",110.0,1.691,53.46,486.0,15.4,0.185,0.284,0.155,0.185,2.1,3.8,17.4,12.4,8.88,0.62,0.284,0.23,0.115,0.099,0.135,0.08,0.069,0.734,1.4,2.52,0.46,0.23,0.145,0.11,0.137,0.131,0.144,0.168,0.45,1.95,8.29,6.02,2.32,0.329,0.196,0.206,2.0,1.24,1.19,1.31,1.53,4.09,17.8,75.4,54.8,21.1,2.99,1.78,3.33,3.08,3.51,4.1,10.3,47.6,195.0,147.0,54.7,8.01,4.78,3.2,3.0,0.366,0.338,0.387,0.451,1.13,5.23,21.5,16.1,6.02,0.881,1.68,3.88,0.51,1.7,15.44,40.38,4.76
dsi_2016.pdf,903,2016,D22A105,DEĞİRMEN D. SALIPAZARI,"36°49'19"" Doğu 41°4'24"" Kuzey",74.5,2.597,82.09,1102.0,34.9,17.5,6.2,6.5,18.0,60.5,22.9,7.37,112.0,30.7,33.9,5.76,11.85,0.247,0.43,0.43,0.82,0.826,0.533,0.46,0.24,0.218,0.24,0.175,0.34,2.19,1.06,1.86,4.32,6.47,3.71,1.03,3.89,2.34,1.38,0.705,2.35,2.0,29.4,14.2,24.9,57.9,16.9,49.7,13.8,52.3,31.4,18.5,9.47,78.7,36.8,66.7,155.0,41.0,133.0,35.8,140.0,81.5,49.5,25.4,57.75,3.0,5.86,2.74,4.97,11.6,16.2,9.93,2.67,10.4,6.07,3.68,4.43,27.76,0.41,2.61,32.54,89.85,6.8
dsi_2016.pdf,904,2016,D22A106,BATLAMA D. ÇUKURKÖY,"38°18'30"" Doğu 40°50'36"" Kuzey",122.0,3.906,123.52,1012.0,32.0,16.6,17.9,5.35,17.9,21.1,11.0,8.99,33.5,19.1,13.1,1.96,17.25,0.809,1.37,1.37,1.52,3.35,2.41,2.41,2.26,1.52,1.13,0.809,1.09,3.31,4.05,2.03,5.43,6.8,4.66,3.96,6.63,3.93,2.9,1.05,2.24,2.0,27.2,33.2,16.7,44.5,55.7,38.2,32.5,54.3,32.3,23.8,8.62,72.8,86.1,44.6,119.0,140.0,102.0,84.2,145.0,83.6,63.7,23.1,79.45,3.0,8.88,10.5,5.44,14.6,17.0,12.5,10.3,17.7,10.2,7.77,5.94,15.31,1.67,3.92,30.75,86.96,10.32
dsi_2016.pdf,930,2016,E22A054,AKÇAY  DURAKLI,"37°8'50"" Doğu 41°6'38"" Kuzey",222.2,5.797,183.33,825.0,26.1,60.1,7.14,24.0,46.9,124.0,54.0,5.51,13.65,55.0,55.0,55.0,33.62,0.236,0.595,0.595,2.56,4.49,2.56,1.6,0.88,0.88,0.785,0.236,0.42,1.86,1.63,4.85,11.7,17.5,8.28,2.27,8.33,5.3,3.29,0.869,4.1,2.0,8.37,7.34,21.8,52.8,78.8,37.3,10.2,37.5,23.8,14.8,3.91,22.4,19.0,58.4,141.0,197.0,99.8,26.5,100.0,61.8,39.6,10.5,20.7,3.0,4.98,4.23,13.0,31.4,43.9,22.2,5.89,22.3,13.7,8.8,3.99,59.36,1.32,5.83,24.89,66.39,14.78
dsi_2016.pdf,934,2016,E22A065,ELEKÇİ DERESİ BOZDAĞI,"37°26'10"" Doğu 40°59'18"" Kuzey",386.4,6.743,213.19,552.0,17.5,20.7,15.4,10.4,75.0,115.0,62.1,12.5,34.2,60.4,80.7,28.2,18.05,0.32,0.974,1.23,1.73,5.38,4.58,4.58,0.723,1.23,0.178,0.974,0.65,2.91,3.11,4.03,13.2,20.5,11.4,5.46,6.14,6.55,4.6,1.38,2.22,2.0,7.53,8.06,10.4,34.2,52.9,29.6,14.1,15.9,17.0,11.9,3.56,20.2,20.9,27.9,91.6,133.0,79.3,36.6,42.5,44.0,31.9,9.54,20.55,3.0,7.79,8.07,10.8,35.4,51.3,30.6,14.1,16.4,17.0,12.3,5.4,44.39,1.88,6.79,17.26,46.5,17.68
dsi_2017.pdf,505,2017,D14A011,LADİK G. REG. ÇIKIŞI,"36°1'14"" Doğu 40°55'13"" Kuzey",145.1,1.709,53.83,371.0,11.8,0.34,2.53,0.495,2.11,3.44,0.216,0.216,5.43,12.1,13.9,12.6,1.43,0.273,0.037,0.022,0.216,0.216,0.12,0.084,0.084,0.417,2.67,0.495,0.16,0.273,0.246,0.169,0.297,0.279,0.169,0.155,0.7,1.6,10.3,5.72,0.291,2.0,1.88,1.69,1.16,2.05,1.92,1.16,1.07,4.82,11.1,4.27,39.4,5.04,4.39,3.11,5.49,4.65,3.12,2.76,12.9,28.7,11.4,106.0,4.72,3.0,0.731,0.637,0.452,0.796,0.675,0.452,0.401,1.87,4.16,27.6,1.87,4.57,0.4,1.68,11.61,30.99,3.55
dsi_2017.pdf,519,2017,D14A117,ÇİLKORU D. GÖKDERE,"36°43'56"" Doğu 40°29'21"" Kuzey",78.0,0.324,10.2,131.0,4.1,0.13,0.22,0.26,0.26,1.65,2.8,2.4,0.81,5.53,0.35,0.13,0.18,0.07,0.1,0.019,0.07,0.049,0.52,0.46,0.35,0.3,0.07,0.07,0.08,0.099,0.106,0.101,0.112,0.322,0.936,0.792,0.461,0.666,0.148,0.092,0.059,2.0,1.27,1.36,1.29,1.43,4.12,12.0,10.2,5.91,8.54,1.9,1.18,3.4,3.52,3.46,3.83,9.97,32.1,26.3,15.8,22.1,5.1,3.17,3.46,3.0,0.265,0.275,0.27,0.299,0.778,2.51,2.05,1.23,1.73,0.397,1.63,1.23,0.18,0.32,4.27,11.02,1.2
dsi_2017.pdf,526,2017,D14A144,BEĞERGEN D. AKARÇAY,"37°2'23"" Doğu 40°22'0"" Kuzey",16.4,0.078,2.45,149.0,4.7,0.008,0.014,0.063,0.652,0.257,0.464,0.406,0.179,0.179,0.038,0.004,0.01,0.002,0.008,0.008,0.008,0.011,0.257,0.179,0.092,0.027,0.001,0.001,0.0,0.005,0.009,0.017,0.107,0.1,0.275,0.218,0.126,0.059,0.014,0.001,0.001,2.0,0.279,0.524,1.03,6.51,6.1,16.8,13.3,7.7,3.6,0.84,0.081,0.748,1.36,2.77,17.4,14.7,45.0,34.5,20.6,9.34,2.25,0.216,1.05,3.0,0.012,0.022,0.045,0.286,0.242,0.738,0.566,0.338,0.153,0.037,1.51,0.19,0.05,0.08,4.9,12.49,0.58
dsi_2017.pdf,527,2017,D14A146,ÇİLKORU D. MUSULLU,"36°40'7"" Doğu 40°32'9"" Kuzey",21.2,0.157,4.94,233.0,7.4,0.023,0.11,0.14,2.45,0.95,1.6,1.3,0.5,8.81,0.17,0.015,0.07,0.015,0.023,0.015,0.023,0.25,0.17,0.11,0.11,0.015,0.007,0.001,0.02,0.017,0.034,0.039,0.095,0.167,0.519,0.404,0.158,0.387,0.054,0.009,0.003,2.0,0.805,1.62,1.82,4.5,7.86,24.5,19.1,7.44,18.2,2.54,0.44,2.16,4.19,4.89,12.1,19.0,65.5,49.4,19.9,47.3,6.8,1.18,3.18,3.0,0.046,0.089,0.104,0.256,0.403,1.39,1.05,0.422,1.0,0.144,1.52,1.34,0.06,0.16,7.57,19.63,0.79
dsi_2017.pdf,528,2017,D14A149,HULAR D. ÇAMAĞZI,"36°39'42"" Doğu 40°26'16"" Kuzey",44.2,0.138,4.35,98.0,3.1,0.025,0.015,0.155,0.16,2.1,2.22,1.55,0.476,3.97,0.064,0.003,0.02,0.009,0.02,0.04,0.23,0.31,0.61,0.56,0.31,0.11,0.11,0.03,0.01,0.036,0.032,0.343,0.109,0.178,0.962,0.407,0.329,0.131,0.037,0.003,0.001,2.0,0.153,0.303,0.731,1.22,5.06,13.4,5.67,3.54,7.17,0.358,0.004,0.41,0.786,1.96,3.26,12.2,35.9,14.7,9.48,18.6,0.96,0.012,0.6,3.0,0.018,0.035,0.086,0.144,0.541,1.59,0.65,0.419,0.821,0.042,1.51,0.9,0.21000000000000002,0.355,3.3,8.24,0.74
dsi_2017.pdf,530,2017,D14A162,YEŞİLIRMAK KOZLU,"37°33'4"" Doğu 40°15'14"" Kuzey",712.62,4.047,127.49,179.0,5.7,4.43,4.43,7.6,7.93,8.9,14.4,33.3,31.4,12.3,8.23,6.22,4.43,1.18,0.988,0.988,0.988,0.906,2.55,5.09,5.36,1.64,0.716,0.575,1.08,1.96,1.73,1.66,1.79,1.84,5.68,14.2,9.79,5.53,2.34,1.3,0.695,2.0,2.75,2.43,2.33,2.51,2.58,7.98,19.9,13.7,7.76,3.29,1.83,7.37,6.31,6.24,6.73,6.25,21.4,51.7,36.8,20.1,8.8,4.9,6.84,3.0,5.25,4.49,4.45,4.79,4.45,15.2,36.8,26.2,14.3,6.27,4.12,11.96,1.84,4.04,5.75,15.29,10.78
dsi_2017.pdf,901,2017,D22A093,TURNASUYU CUMHURİYET KÖYÜ,"37°57'42"" Doğu 40°49'54"" Kuzey",210.0,4.874,153.71,732.0,23.2,18.2,9.56,16.9,8.19,16.4,30.7,23.2,12.1,13.8,3.76,4.03,13.88,0.72,0.917,2.21,1.51,1.84,4.29,2.21,0.813,1.02,0.294,0.244,0.82,4.12,3.02,4.91,3.47,6.46,13.8,10.2,5.93,4.49,0.888,0.613,0.725,2.0,19.6,14.4,23.4,16.5,30.7,65.5,48.8,28.2,21.4,4.23,2.92,52.5,37.3,62.6,44.2,74.4,175.0,126.0,75.6,55.4,11.3,7.82,44.9,3.0,11.0,7.83,13.2,9.28,15.6,36.8,26.6,15.9,11.6,2.38,7.0,14.23,1.41,4.89,23.14,63.92,13.35
dsi_2017.pdf,904,2017,D22A105,DEĞİRMEN D. SALIPAZARI,"36°49'19"" Doğu 41°4'24"" Kuzey",74.5,2.153,67.87,911.0,28.9,6.08,25.5,29.4,16.3,21.2,14.9,7.69,13.4,20.1,1.42,15.8,15.79,0.196,0.46,1.27,1.27,0.973,0.973,0.607,0.313,0.24,0.109,0.109,0.33,1.36,2.12,4.12,3.91,5.55,3.32,1.62,1.72,1.32,0.242,0.501,0.271,2.0,18.3,28.4,55.3,52.5,74.5,44.5,21.8,23.1,17.8,3.24,6.73,49.0,73.7,148.0,141.0,180.0,119.0,56.5,61.8,46.1,8.68,18.0,61.35,3.0,3.65,5.49,11.0,10.5,13.4,8.89,4.21,4.61,3.43,0.647,3.32,15.63,0.57,2.17,29.01,80.26,6.01
dsi_2017.pdf,905,2017,D22A106,BATLAMA D. ÇUKURKÖY,"38°18'30"" Doğu 40°50'36"" Kuzey",122.0,3.406,107.36,880.0,27.9,12.1,14.1,14.7,4.1,11.5,11.0,9.5,19.1,21.1,3.85,6.81,13.1,0.97,1.13,2.26,1.81,2.11,3.1,3.1,1.96,1.52,0.649,0.523,1.05,2.98,3.09,4.24,2.57,4.52,5.53,4.89,4.83,4.44,1.3,1.29,1.3,2.0,24.4,25.3,34.8,21.1,37.0,45.3,40.1,39.6,36.4,10.7,10.5,65.4,65.6,93.2,56.4,89.6,121.0,104.0,106.0,94.3,28.5,28.2,65.5,3.0,7.98,8.01,11.4,6.88,10.9,14.8,12.7,12.9,11.5,3.48,5.49,11.75,1.68,3.41,27.27,76.48,9.09
dsi_2017.pdf,936,2017,E22A054,AKÇAY  DURAKLI,"37°8'50"" Doğu 41°6'38"" Kuzey",222.2,5.587,176.16,793.0,25.1,16.3,58.1,58.1,33.6,59.1,51.0,23.3,21.8,182.0,2.08,3.34,37.2,1.02,1.02,3.34,2.08,3.34,3.88,1.46,0.88,0.785,0.5,0.349,1.02,2.97,4.95,9.69,9.14,14.3,10.4,4.36,3.07,5.71,0.844,0.613,1.61,2.0,13.4,22.3,43.6,41.1,64.5,46.9,19.6,13.8,25.7,3.8,2.76,35.8,57.8,117.0,110.0,156.0,126.0,50.8,37.1,66.6,10.2,7.39,46.8,3.0,7.96,12.8,25.9,24.5,34.7,27.9,11.3,8.23,14.8,2.26,5.48,45.49,1.64,5.64,24.96,68.46,14.9
dsi_2017.pdf,940,2017,E22A065,ELEKÇİ DERESİ BOZDAĞI,"37°26'10"" Doğu 40°59'18"" Kuzey",386.4,6.011,189.51,490.0,15.6,4.98,30.6,51.7,29.4,33.0,38.3,31.8,31.8,34.2,5.38,3.37,17.79,0.562,0.723,2.54,2.54,3.37,7.72,5.38,1.73,0.974,0.089,0.076,0.64,1.16,2.98,8.31,9.51,12.9,14.7,9.49,6.37,4.79,1.25,0.706,0.511,2.0,3.01,7.71,21.5,24.6,33.3,37.9,24.5,16.5,12.4,3.24,1.83,8.06,20.0,57.6,65.9,80.5,102.0,63.6,44.1,32.1,8.69,4.9,14.03,3.0,3.11,7.73,22.3,25.5,31.1,39.2,24.6,17.0,12.4,3.36,3.06,26.03,2.2,6.06,15.71,41.79,16.03
dsi_2018.pdf,505,2018,D14A117,ÇİLKORU D. GÖKDERE,"36°43'56"" Doğu 40°29'21"" Kuzey",78.0,0.346,10.92,140.0,4.4,0.22,0.13,1.24,4.7,4.0,6.18,1.24,1.12,4.7,0.26,0.13,0.18,0.032,0.07,0.07,0.17,0.35,0.59,0.22,0.17,0.07,0.07,0.07,0.05,0.097,0.099,0.143,0.501,0.605,1.25,0.439,0.348,0.329,0.143,0.108,0.107,2.0,1.24,1.27,1.84,6.42,7.76,16.0,5.63,4.46,4.22,1.83,1.38,3.33,3.29,4.92,17.2,18.8,42.8,14.6,11.9,10.9,4.91,3.7,3.31,3.0,0.259,0.257,0.384,1.34,1.46,3.34,1.14,0.932,0.854,0.383,1.63,2.01,0.16,0.35,4.5,11.64,1.25
dsi_2018.pdf,510,2018,D14A144,BEĞERGEN D. AKARÇAY,"37°2'23"" Doğu 40°22'0"" Kuzey",16.4,0.036,1.13,69.0,2.2,0.038,0.007,0.118,0.092,0.092,0.218,0.147,0.406,0.464,0.011,0.004,0.02,0.001,0.002,0.004,0.054,0.027,0.038,0.038,0.011,0.011,0.002,0.002,0.0,0.002,0.003,0.031,0.065,0.058,0.104,0.084,0.04,0.036,0.006,0.002,0.002,2.0,0.106,0.187,1.86,3.95,3.52,6.37,5.15,2.44,2.21,0.395,0.12,0.284,0.485,4.99,10.6,8.51,17.1,13.3,6.54,5.72,1.06,0.321,0.38,3.0,0.005,0.008,0.082,0.173,0.14,0.28,0.219,0.107,0.094,0.017,1.5,0.13,0.02,0.04,2.36,5.77,0.47
dsi_2018.pdf,511,2018,D14A146,ÇİLKORU D. MUSULLU,"36°40'7"" Doğu 40°32'9"" Kuzey",21.2,0.188,5.92,279.0,8.9,0.11,0.32,2.15,4.05,2.3,2.6,0.86,0.32,0.86,0.09,0.11,0.22,0.003,0.007,0.023,0.04,0.11,0.25,0.09,0.04,0.023,0.007,0.007,0.0,0.013,0.027,0.259,0.328,0.317,0.829,0.195,0.12,0.111,0.041,0.008,0.007,2.0,0.621,1.27,12.2,15.5,14.9,39.1,9.2,5.65,5.22,1.92,0.355,1.66,3.3,32.7,41.5,36.1,105.0,23.8,15.1,13.5,5.15,0.95,2.48,3.0,0.035,0.07,0.693,0.88,0.766,2.22,0.505,0.321,0.287,0.109,1.52,1.17,0.05,0.19,8.99,23.44,0.87
dsi_2018.pdf,512,2018,D14A149,HULAR D. ÇAMAĞZI,"36°39'42"" Doğu 40°26'16"" Kuzey",44.2,0.171,5.4,122.0,3.9,0.025,0.015,0.155,0.16,2.1,2.22,1.55,0.476,3.97,0.064,0.003,0.02,0.009,0.02,0.04,0.23,0.31,0.61,0.56,0.31,0.11,0.11,0.03,0.01,0.036,0.032,0.343,0.109,0.178,0.962,0.407,0.329,0.131,0.037,0.003,0.001,2.0,0.153,0.303,0.731,1.22,5.06,13.4,5.67,3.54,7.17,0.358,0.004,0.41,0.786,1.96,3.26,12.2,35.9,14.7,9.48,18.6,0.96,0.012,0.6,3.0,0.027,0.124,0.549,0.402,1.06,2.11,0.494,0.441,0.186,0.003,1.51,1.43,0.21000000000000002,0.355,7.09,18.94,0.83
dsi_2018.pdf,513,2018,D14A162,YEŞİLIRMAK KOZLU,"37°33'4"" Doğu 40°15'14"" Kuzey",712.62,5.088,160.37,225.0,7.1,3.38,3.85,19.9,5.09,15.3,111.0,15.3,21.4,19.9,4.55,4.82,3.62,0.518,0.716,1.06,0.959,1.29,5.36,5.09,4.55,2.23,0.879,0.646,0.62,0.83,1.36,2.94,2.32,5.29,19.3,8.06,9.27,6.34,2.29,1.28,1.69,2.0,1.17,1.91,4.13,3.25,7.42,27.1,11.3,13.0,8.9,3.21,1.79,3.12,4.94,11.1,8.71,17.9,72.6,29.3,34.8,23.1,8.6,4.79,4.03,3.0,2.22,3.52,7.88,6.21,12.8,51.7,20.9,24.8,16.4,6.13,2.61,19.01,1.99,5.08,7.1,18.58,13.18
dsi_2018.pdf,903,2018,D22A093,TURNASUYU CUMHURİYET KÖYÜ,"37°57'42"" Doğu 40°49'54"" Kuzey",210.0,3.572,112.68,537.0,17.0,42.0,9.22,42.0,16.4,22.3,50.8,7.17,31.1,34.1,5.88,11.3,25.61,0.479,0.347,1.26,2.58,2.21,1.65,0.294,0.187,0.628,0.411,0.244,0.41,3.35,0.965,7.53,5.48,6.1,6.17,1.69,3.57,4.3,1.31,0.93,1.52,2.0,16.0,4.59,35.9,26.1,29.1,29.4,8.05,17.0,20.5,6.23,4.43,42.7,11.9,96.0,69.9,70.3,78.7,20.9,45.6,53.0,16.7,11.9,27.3,3.0,8.98,2.5,20.2,14.7,14.8,16.5,4.38,9.57,11.1,3.51,5.99,24.82,0.89,3.58,16.61,45.41,9.6
dsi_2018.pdf,904,2018,D22A095,YAYLA D. SÖĞÜTAĞIL,"39°46'59"" Doğu 40°27'16"" Kuzey",110.0,1.13,35.59,324.0,10.3,0.296,0.25,0.876,0.586,0.586,10.6,7.37,5.22,3.94,0.554,0.43,0.27,0.037,0.076,0.132,0.102,0.037,0.054,2.25,2.09,0.492,0.144,0.019,0.06,0.109,0.137,0.272,0.198,0.252,2.95,4.53,2.82,1.68,0.354,0.135,0.09,2.0,0.991,1.25,2.47,1.8,2.29,26.9,41.2,25.7,15.3,3.22,1.22,2.65,3.23,6.62,4.82,5.54,71.9,107.0,68.7,39.6,8.63,3.28,2.94,3.0,0.292,0.356,0.729,0.531,0.609,7.91,11.7,7.56,4.36,0.949,1.65,2.58,0.46,1.13,10.36,27.08,3.3
dsi_2018.pdf,908,2018,D22A105,DEĞİRMEN D. SALIPAZARI,"36°49'19"" Doğu 41°4'24"" Kuzey",74.5,2.209,69.62,934.0,29.6,10.4,11.6,35.9,36.5,14.9,37.2,4.8,19.0,27.4,57.3,83.7,11.0,0.131,0.131,0.131,0.607,0.826,0.607,0.24,0.218,0.196,0.131,0.131,0.13,0.735,0.413,4.01,4.93,4.08,4.4,0.993,0.877,0.615,1.48,2.36,1.63,2.0,9.87,5.54,53.8,66.2,54.8,59.0,13.3,11.8,8.26,19.8,31.7,26.4,14.4,144.0,177.0,132.0,158.0,34.5,31.5,21.4,53.1,84.8,20.4,3.0,1.97,1.07,10.7,13.2,9.87,11.8,2.57,2.35,1.59,3.96,2.48,29.14,0.29,2.21,28.01,74.79,5.38
dsi_2018.pdf,909,2018,D22A106,BATLAMA D. ÇUKURKÖY,"38°18'30"" Doğu 40°50'36"" Kuzey",122.0,2.825,89.05,730.0,23.2,25.8,3.1,22.4,10.0,11.0,22.4,7.9,21.8,17.3,4.6,28.1,14.45,0.889,0.889,0.889,1.67,1.67,2.41,0.97,1.13,1.21,0.729,0.649,0.89,2.78,0.985,3.68,4.16,4.07,4.81,1.75,3.26,3.16,1.46,1.37,2.44,2.0,22.8,8.07,30.1,34.1,33.4,39.4,14.4,26.7,25.9,12.0,11.2,61.0,20.9,80.7,91.4,80.8,106.0,37.2,71.5,67.1,32.1,30.0,40.95,3.0,7.45,2.55,9.85,11.1,9.86,12.9,4.54,8.72,8.18,3.91,5.22,15.74,1.17,2.83,21.67,59.97,7.27
dsi_2018.pdf,938,2018,E22A054,AKÇAY  DURAKLI,"37°8'50"" Doğu 41°6'38"" Kuzey",222.2,6.653,209.89,945.0,29.9,68.6,100.0,108.0,70.9,21.8,73.1,21.0,54.0,25.5,5.16,3.38,84.3,0.349,0.785,1.84,2.8,2.08,1.17,0.88,0.595,0.595,0.236,0.236,0.57,1.75,1.38,11.3,10.0,8.0,9.72,3.16,4.58,2.18,4.44,16.7,6.21,2.0,7.86,6.2,51.0,45.2,36.0,43.7,14.2,20.6,9.81,20.0,2.7,21.1,16.1,137.0,121.0,87.1,117.0,36.8,55.2,25.4,53.5,7.22,18.6,3.0,4.68,3.57,30.3,26.9,19.4,26.0,8.19,12.3,5.65,11.9,3.84,102.1,1.01,6.62,27.66,74.23,12.98
dsi_2018.pdf,942,2018,E22A065,ELEKÇİ DERESİ BOZDAĞI,"37°26'10"" Doğu 40°59'18"" Kuzey",386.4,4.866,153.44,397.0,12.6,6.78,3.77,62.1,93.0,23.4,58.7,13.8,71.1,11.8,9.08,3.38,5.28,0.562,0.642,0.723,2.26,3.09,2.26,0.723,0.723,0.723,0.642,0.285,0.6,1.4,1.03,6.92,9.29,9.59,11.5,3.66,2.99,2.31,2.23,6.37,1.22,2.0,3.63,2.65,17.9,24.1,24.8,29.7,9.48,7.73,5.97,5.78,16.5,9.71,6.88,48.0,64.4,60.0,79.6,24.6,20.7,15.5,15.5,44.1,8.3,3.0,3.75,2.66,18.5,24.9,23.2,30.7,9.5,8.0,5.98,5.99,3.38,53.4,1.1,4.88,12.52,33.11,11.63
dsi_2019.pdf,457,2019,D14A011,LADİK G. REG. ÇIKIŞI,"36°1'14"" Doğu 40°55'13"" Kuzey",145.1,1.961,61.82,426.0,13.5,0.216,0.164,0.164,1.33,0.216,4.42,5.09,5.77,12.1,12.3,11.0,0.19,0.12,0.084,0.005,0.005,0.057,0.057,0.674,0.769,0.769,0.674,0.582,0.1,0.161,0.13,0.019,0.107,0.139,2.7,1.79,2.1,4.52,7.1,3.38,1.22,2.0,1.11,0.897,0.134,0.74,0.956,18.6,12.3,14.5,31.2,48.9,23.3,2.97,2.32,0.36,1.98,2.31,49.8,31.9,38.7,80.7,131.0,62.4,2.64,3.0,0.431,0.337,0.052,0.288,0.336,7.22,4.63,5.62,11.7,19.0,1.72,4.41,0.32,1.95,12.89,33.92,4.53
dsi_2019.pdf,473,2019,D14A144,BEĞERGEN D. AKARÇAY,"37°2'23"" Doğu 40°22'0"" Kuzey",16.4,0.113,3.57,218.0,6.9,0.011,0.007,1.04,0.406,0.464,0.301,0.8,0.406,0.301,0.027,0.072,0.01,0.001,0.004,0.004,0.018,0.179,0.118,0.092,0.257,0.027,0.002,0.001,0.0,0.003,0.006,0.019,0.146,0.284,0.179,0.245,0.36,0.115,0.012,0.003,0.001,2.0,0.169,0.384,1.15,8.87,17.3,10.9,14.9,21.9,7.0,0.749,0.185,0.453,0.996,3.08,23.8,41.9,29.2,38.7,58.8,18.1,2.01,0.495,0.72,3.0,0.007,0.016,0.051,0.39,0.687,0.478,0.635,0.964,0.298,0.033,1.5,0.32,0.06,0.11,7.13,18.19,0.67
dsi_2019.pdf,474,2019,D14A146,ÇİLKORU D. MUSULLU,"36°40'7"" Doğu 40°32'9"" Kuzey",21.2,0.274,8.65,408.0,12.9,26.0,4.55,5.52,9.5,0.95,2.0,1.6,1.8,0.25,26.0,0.11,15.28,0.007,0.015,0.007,0.25,0.14,0.14,0.25,0.09,0.04,0.007,0.001,0.01,0.013,0.039,0.275,0.736,0.361,0.503,0.926,0.343,0.056,0.027,0.006,0.012,2.0,0.61,1.86,13.0,34.7,17.0,23.7,43.7,16.2,2.66,1.29,0.3,1.63,4.81,34.7,93.0,41.2,63.5,113.0,43.3,6.89,3.45,0.803,3.22,3.0,0.035,0.102,0.736,1.97,0.873,1.35,2.4,0.919,0.146,0.073,1.52,7.8,0.08,0.27,13.08,34.13,1.09
dsi_2019.pdf,475,2019,D14A149,HULAR D. ÇAMAĞZI,"36°39'42"" Doğu 40°26'16"" Kuzey",44.2,0.231,7.27,165.0,5.2,0.025,0.015,0.155,0.16,2.1,2.22,1.55,0.476,3.97,0.064,0.003,0.02,0.009,0.02,0.04,0.23,0.31,0.61,0.56,0.31,0.11,0.11,0.03,0.01,0.036,0.032,0.343,0.109,0.178,0.962,0.407,0.329,0.131,0.037,0.003,0.001,2.0,0.153,0.303,0.731,1.22,5.06,13.4,5.67,3.54,7.17,0.358,0.004,0.41,0.786,1.96,3.26,12.2,35.9,14.7,9.48,18.6,0.96,0.012,0.6,3.0,0.027,0.124,0.549,0.402,1.06,2.11,0.494,0.441,0.186,0.003,1.51,1.43,0.21000000000000002,0.355,7.09,18.94,1.0150000000000001
dsi_2019.pdf,477,2019,D14A162,YEŞİLIRMAK KOZLU,"37°33'2"" Doğu 40°15'12"" Kuzey",712.62,9.19,289.83,407.0,12.9,14.8,7.51,23.6,18.8,11.8,36.7,84.0,41.0,15.3,4.95,5.2,11.16,0.959,1.18,1.64,2.98,5.9,7.51,12.8,8.59,3.51,0.988,0.906,1.07,2.54,1.65,5.74,7.77,9.68,18.1,30.7,21.4,7.24,2.66,1.4,1.53,2.0,3.57,2.32,8.06,10.9,13.6,25.4,43.1,30.0,10.2,3.73,1.96,9.55,6.01,21.6,29.2,32.9,68.1,112.0,80.4,26.3,10.0,5.26,7.78,3.0,6.81,4.28,15.4,20.8,23.4,48.6,79.6,57.3,18.8,7.13,4.9,22.9,4.0,9.2,12.9,34.09,24.17
dsi_2019.pdf,871,2019,D22A093,TURNASUYU CUMHURİYET KÖYÜ,"37°57'40"" Doğu 40°49'50"" Kuzey",210.0,5.192,163.72,780.0,24.7,42.5,26.8,31.1,21.4,13.8,18.2,25.5,38.1,10.8,24.1,23.6,34.65,0.628,0.628,3.13,3.5,3.13,2.21,2.21,0.813,0.72,0.549,0.813,0.63,4.53,4.77,7.29,7.5,4.74,7.36,9.75,6.31,1.86,3.2,3.22,1.62,2.0,21.6,22.7,34.7,35.7,22.6,35.1,46.4,30.0,8.88,15.2,15.4,57.8,58.9,93.0,95.7,54.6,93.9,120.0,80.4,23.0,40.8,41.1,58.35,3.0,12.1,12.4,19.5,20.1,11.5,19.7,25.3,16.9,4.83,8.56,7.55,25.88,1.58,5.18,24.19,68.13,13.45
dsi_2019.pdf,872,2019,D22A095,YAYLA D. SÖĞÜTAĞIL,"39°46'59"" Doğu 40°27'16"" Kuzey",110.0,1.882,59.34,539.0,17.1,0.916,0.741,1.37,0.492,1.03,1.82,15.1,17.4,4.18,0.76,0.159,0.83,0.085,0.112,0.243,0.181,0.243,0.368,1.25,3.82,0.292,0.13,0.09,0.1,0.24,0.321,0.485,0.378,0.516,1.02,6.8,10.6,1.68,0.214,0.11,0.13,2.0,2.18,2.92,4.41,3.43,4.69,9.28,61.8,15.7,15.3,1.95,1.0,5.85,7.56,11.8,9.2,11.4,24.9,160.0,42.0,39.6,5.21,2.69,6.7,3.0,0.643,0.831,1.3,1.01,1.25,2.74,17.6,28.4,4.36,0.573,1.82,3.73,0.58,1.87,17.11,45.24,5.29
dsi_2019.pdf,876,2019,D22A105,DEĞİRMEN D. SALIPAZARI,"36°49'19"" Doğu 41°4'24"" Kuzey",74.5,3.406,107.44,1442.0,45.7,40.6,21.8,55.0,33.3,11.2,19.0,29.4,11.6,96.9,45.0,3.38,31.2,0.175,0.24,0.826,2.17,0.68,0.68,0.46,0.196,0.109,0.313,0.22,0.21,1.94,2.33,7.23,6.72,2.99,3.01,4.36,1.01,3.51,2.16,5.09,0.388,2.0,26.1,31.3,8.85,10.8,40.2,40.3,58.6,13.6,47.1,29.0,2.7,69.8,81.1,23.7,29.0,97.3,108.0,152.0,36.4,122.0,77.7,7.22,75.45,3.0,5.2,6.04,19.4,18.0,7.25,8.05,11.3,2.71,9.1,5.79,4.1,68.92,0.52,3.39,13.08,125.31,8.33
dsi_2019.pdf,877,2019,D22A106,BATLAMA D. ÇUKURKÖY,"38°18'30"" Doğu 40°50'36"" Kuzey",122.0,3.73,117.65,964.0,30.6,34.4,17.9,18.5,11.5,5.1,13.6,20.4,16.0,13.1,7.9,26.5,26.15,0.97,0.97,2.55,2.55,1.96,2.11,2.26,1.29,1.29,0.97,0.97,0.97,3.71,3.59,5.23,5.37,2.89,4.4,7.1,3.5,1.92,1.75,2.95,2.26,2.0,30.4,29.5,42.9,44.0,23.7,36.1,58.2,28.7,15.8,14.3,24.2,81.4,76.4,115.0,118.0,57.2,96.6,151.0,76.9,40.9,38.3,64.8,78.9,3.0,9.93,9.32,14.0,14.4,6.98,11.8,18.4,9.38,4.99,4.68,6.46,17.59,1.57,3.72,29.15,82.95,9.44
dsi_2019.pdf,902,2019,D22A158,CEVİZ D. ÇINARCIK,"37°12'38"" Doğu 41°0'4"" Kuzey",274.39,5.797,182.76,666.0,21.1,25.2,10.5,19.5,24.5,10.0,10.5,38.2,24.5,7.47,7.16,39.0,17.85,1.08,1.08,3.11,6.36,5.08,4.18,3.88,1.51,1.08,0.834,0.728,1.08,3.63,2.48,9.76,10.9,6.89,7.06,13.2,4.45,2.19,2.04,5.16,1.8,2.0,13.2,9.02,35.6,39.7,25.1,25.7,48.2,16.2,7.97,7.44,18.8,35.5,23.4,95.3,106.0,60.8,68.9,125.0,43.4,20.7,19.9,50.3,29.45,3.0,9.73,6.42,26.1,29.1,16.7,18.9,34.3,11.9,5.67,5.47,6.36,19.53,2.5,5.8,20.74,56.55,14.47
dsi_2019.pdf,909,2019,E22A054,AKÇAY  DURAKLI,"37°8'50"" Doğu 41°6'38"" Kuzey",222.2,7.259,229.08,1031.0,32.7,121.0,66.3,52.3,75.3,79.9,102.0,105.0,15.3,12.8,43.9,3.38,93.65,1.1,1.22,0.874,4.08,2.48,2.48,1.48,0.494,0.344,0.584,0.776,1.16,6.41,2.73,16.0,17.6,6.07,6.95,11.3,2.11,5.7,2.91,7.39,1.64,2.0,28.8,12.3,8.85,10.8,27.3,31.3,50.7,9.49,25.6,13.1,33.2,77.2,31.8,23.7,29.0,66.1,83.8,131.0,25.4,66.4,35.0,89.0,54.5,3.0,17.2,7.08,42.8,47.2,14.7,18.6,29.2,5.65,14.8,7.79,10.1,112.22,1.42,7.23,32.07,88.77,18.18
dsi_2019.pdf,913,2019,E22A065,ELEKÇİ DERESİ BOZDAĞI,"37°26'10"" Doğu 40°59'18"" Kuzey",386.4,7.903,249.21,645.0,20.5,90.8,9.08,24.6,31.8,10.4,36.9,47.1,27.0,38.3,45.6,118.0,49.94,0.723,0.974,1.73,6.32,3.77,6.32,4.17,1.48,1.98,1.48,2.54,0.85,2.69,2.51,8.85,13.8,7.95,10.9,16.4,5.13,4.13,8.06,11.7,2.42,2.0,6.97,6.5,22.9,35.8,20.6,28.2,42.5,13.3,10.7,20.9,30.4,18.7,16.8,61.4,96.0,49.8,75.5,110.0,35.5,27.7,55.9,81.4,17.75,3.0,7.22,6.51,23.7,37.1,19.2,29.2,42.6,13.7,10.7,21.6,5.11,44.13,2.69,7.88,20.06,53.87,18.3
dsi_2020.pdf,462,2020,D14A011,LADİK G. REG. ÇIKIŞI,"36°1'14"" Doğu 40°55'13"" Kuzey",145.1,2.097,66.32,457.0,14.5,0.582,0.495,0.273,0.164,0.164,0.12,3.76,6.99,12.5,14.8,11.9,0.54,0.34,0.216,0.12,0.057,0.057,0.037,0.084,0.674,0.001,0.769,0.495,0.28,0.486,0.433,0.201,0.083,0.131,0.074,1.53,2.02,2.32,11.4,5.03,1.24,2.0,3.35,2.99,1.39,0.57,0.904,0.51,10.6,13.9,16.0,4.27,34.7,8.96,7.74,3.72,1.53,2.27,1.36,27.4,37.2,41.5,11.4,92.9,8.35,3.0,1.3,1.12,0.539,0.222,0.329,0.198,3.97,5.4,6.02,30.5,2.15,4.36,0.26,2.08,13.78,36.91,4.56
dsi_2020.pdf,475,2020,D14A117,ÇİLKORU D. GÖKDERE,"36°43'56"" Doğu 40°29'21"" Kuzey",78.0,0.314,9.91,127.0,4.0,0.13,0.17,0.22,0.22,3.6,2.4,1.12,0.735,0.735,0.22,0.13,0.15,0.049,0.1,0.1,0.049,0.07,0.735,0.26,0.13,0.1,0.13,0.032,0.07,0.077,0.115,0.131,0.071,0.68,1.33,0.505,0.31,0.235,0.167,0.085,0.065,2.0,0.988,1.47,1.68,0.912,8.71,17.1,6.47,3.98,3.01,2.14,1.09,2.65,3.82,4.51,2.44,21.8,45.8,16.8,10.7,7.81,5.74,2.93,3.24,3.0,0.206,0.298,0.352,0.191,1.7,3.57,1.31,0.832,0.609,0.448,1.6,0.82,0.15,0.31,4.13,10.69,1.18
dsi_2020.pdf,482,2020,D14A144,BEĞERGEN D. AKARÇAY,"37°2'23"" Doğu 40°22'0"" Kuzey",16.4,0.127,4.02,245.0,7.8,0.054,0.004,0.054,0.092,0.464,0.588,0.523,0.588,0.301,0.092,0.018,0.03,0.001,0.001,0.002,0.011,0.054,0.301,0.179,0.118,0.072,0.018,0.004,0.0,0.001,0.002,0.02,0.048,0.247,0.407,0.314,0.315,0.109,0.049,0.016,0.004,2.0,0.077,0.116,1.19,2.92,15.1,24.8,19.2,19.2,6.63,3.01,0.968,0.205,0.3,3.19,7.82,37.8,66.5,49.7,51.4,17.2,8.07,2.59,0.25,3.0,0.003,0.005,0.052,0.128,0.62,1.09,0.814,0.843,0.282,0.132,1.5,0.23,0.06,0.13,7.93,20.42,0.71
dsi_2020.pdf,483,2020,D14A146,ÇİLKORU D. MUSULLU,"36°40'7"" Doğu 40°32'9"" Kuzey",21.2,0.154,4.87,230.0,7.3,0.09,0.06,0.21,0.25,1.3,1.45,0.72,29.5,0.79,0.09,0.06,0.08,0.007,0.015,0.007,0.25,0.14,0.14,0.25,0.09,0.04,0.007,0.001,0.01,0.009,0.025,0.036,0.037,0.336,0.707,0.347,0.226,0.088,0.033,0.004,0.01,2.0,0.415,1.16,1.69,1.76,15.9,33.3,16.3,10.7,4.15,1.57,0.19,1.11,3.0,4.53,4.72,39.7,89.3,42.4,28.5,10.8,4.21,0.509,2.06,3.0,0.024,0.064,0.096,0.1,0.842,1.89,0.898,0.605,0.228,0.089,1.51,2.88,0.08,0.15,7.43,19.24,0.78
dsi_2020.pdf,486,2020,D14A162,YEŞİLIRMAK KOZLU,"37°33'2"" Doğu 40°15'12"" Kuzey",712.62,6.783,214.45,301.0,9.5,4.2,4.95,9.29,10.5,24.4,72.5,37.8,47.8,22.5,5.36,4.08,4.58,1.07,0.906,1.07,1.18,2.37,5.63,12.7,7.51,1.94,0.646,0.461,0.99,1.37,1.29,1.71,2.14,5.66,21.7,19.3,18.0,5.76,2.23,1.15,1.04,2.0,1.92,1.81,2.4,3.0,7.94,30.4,27.1,25.3,8.08,3.13,1.61,5.13,4.68,6.42,8.03,19.9,81.5,70.2,67.7,20.9,8.38,4.32,4.9,3.0,3.66,3.34,4.57,5.73,14.2,58.1,50.0,48.2,14.9,5.97,3.33,20.66,3.04,6.78,9.56,25.17,17.92
dsi_2020.pdf,863,2020,D22A093,TURNASUYU CUMHURİYET KÖYÜ,"37°57'40"" Doğu 40°49'50"" Kuzey",210.0,4.711,149.05,710.0,22.4,5.08,27.8,16.9,12.5,44.7,26.8,13.0,40.3,14.7,8.53,119.0,16.44,0.628,0.479,0.917,2.21,3.76,4.29,2.21,0.72,0.72,0.347,0.078,0.55,1.71,2.43,3.4,4.37,10.6,13.6,4.78,7.34,2.62,1.78,3.62,0.454,2.0,8.16,11.6,16.2,20.8,50.3,64.6,22.7,35.0,12.5,8.49,17.2,21.9,30.0,43.3,55.7,126.0,173.0,58.9,93.6,32.3,22.7,46.2,25.95,3.0,4.59,6.31,9.1,11.7,26.5,36.3,12.4,19.7,6.79,4.78,3.8,28.81,1.41,4.73,22.46,60.8,12.08
dsi_2020.pdf,900,2020,D22A158,CEVİZ D. ÇINARCIK,"37°12'38"" Doğu 41°0'4"" Kuzey",274.39,4.38,138.47,505.0,16.0,1.68,12.4,13.9,21.9,53.5,27.8,10.5,13.9,29.1,3.88,80.2,7.04,0.636,0.636,1.08,2.88,2.04,3.88,2.04,1.2,1.36,0.834,0.636,0.64,0.993,1.92,3.72,5.66,15.5,10.1,4.07,3.39,3.42,1.28,1.96,1.07,2.0,3.62,7.0,13.6,20.6,56.5,36.7,14.8,12.3,12.5,4.65,7.16,9.7,18.1,36.3,55.3,142.0,98.2,38.4,33.1,32.3,12.5,19.2,13.9,3.0,2.66,4.98,9.96,15.2,38.9,26.9,10.5,9.07,8.86,3.42,2.83,22.98,1.49,4.42,15.95,42.42,11.36
dsi_2020.pdf,864,2020,D22A095,YAYLA D. SÖĞÜTAĞIL,"39°46'59"" Doğu 40°27'16"" Kuzey",110.0,1.04,32.93,299.0,9.5,0.197,0.197,0.216,0.132,0.717,4.0,8.32,9.72,2.1,0.49,0.238,0.2,0.124,0.115,0.124,0.124,0.083,0.188,1.68,1.82,0.456,0.238,0.098,0.12,0.136,0.145,0.161,0.125,0.164,1.24,3.97,5.14,0.83,0.293,0.156,0.09,2.0,1.24,1.32,1.47,1.13,1.49,11.3,36.1,46.8,7.55,2.66,1.41,3.32,3.41,3.93,3.03,3.73,30.2,93.5,125.0,19.6,7.13,3.79,3.36,3.0,0.365,0.375,0.432,0.334,0.41,3.33,10.3,13.8,2.15,0.784,1.68,2.21,0.43,1.04,9.54,25.0,3.08
dsi_2020.pdf,868,2020,D22A105,DEĞİRMEN D. SALIPAZARI,"36°49'19"" Doğu 41°4'24"" Kuzey",74.5,2.262,71.6,961.0,30.4,25.1,22.5,29.0,33.8,38.2,24.5,16.5,23.8,8.56,15.6,205.0,23.8,0.37,0.16,0.22,0.74,1.6,0.92,0.82,0.66,0.33,0.16,0.063,0.26,1.3,1.22,1.95,3.88,6.77,5.11,2.35,2.41,0.88,0.496,0.78,0.145,2.0,17.5,16.4,26.2,52.0,16.9,68.6,31.6,32.3,11.8,6.66,10.5,46.9,42.6,70.1,139.0,41.0,184.0,81.8,86.6,30.6,17.8,28.0,44.75,3.0,3.49,3.17,5.22,10.4,17.0,13.7,6.09,6.45,2.28,1.33,3.24,38.86,0.53,2.27,30.53,83.35,6.28
dsi_2020.pdf,869,2020,D22A106,BATLAMA D. ÇUKURKÖY,"38°18'30"" Doğu 40°50'36"" Kuzey",122.0,2.893,91.6,751.0,23.7,28.1,31.7,7.78,19.1,24.5,11.5,8.26,18.5,3.35,8.63,55.2,29.9,1.13,0.519,0.519,1.81,2.21,3.43,2.26,1.29,1.13,0.691,0.577,0.82,2.86,2.02,1.52,3.15,5.3,6.19,4.27,4.2,1.4,1.52,1.74,0.609,2.0,23.4,16.5,12.4,25.8,43.4,50.8,35.0,34.5,11.5,12.4,14.2,62.7,42.9,33.3,69.1,109.0,136.0,90.7,92.3,29.8,33.3,38.1,52.8,3.0,7.65,5.23,4.06,8.43,13.3,16.6,11.1,11.3,3.64,4.06,5.32,20.54,1.37,2.9,23.49,65.83,7.81
dsi_2020.pdf,909,2020,E22A054,AKÇAY DURAKLI,"37°8'50"" Doğu 41°6'38"" Kuzey",222.2,5.597,177.03,797.0,25.2,121.0,112.0,102.0,63.2,75.3,108.0,11.7,105.0,18.8,13.7,249.0,116.5,0.584,0.678,0.776,2.89,7.27,2.89,1.48,0.776,0.584,0.344,0.219,0.63,2.42,3.85,6.59,11.9,17.7,10.4,3.27,4.76,2.25,0.845,2.62,0.954,2.0,10.9,17.3,29.7,53.5,79.8,46.7,14.7,21.4,10.1,3.8,11.8,29.2,44.9,79.4,143.0,200.0,125.0,38.2,57.4,26.3,10.2,31.6,37.05,3.0,6.48,9.97,17.7,31.8,44.4,27.8,8.48,12.8,5.84,2.26,4.74,91.35,1.59,5.63,25.14,68.52,14.61
dsi_2020.pdf,913,2020,E22A065,ELEKÇİ DERESİ BOZDAĞI,"37°26'10"" Doğu 40°59'18"" Kuzey",386.4,5.005,158.3,410.0,13.0,5.85,31.8,20.7,34.2,76.9,18.1,14.5,16.3,35.4,3.77,27.0,18.82,1.23,1.23,1.23,2.26,7.72,6.32,3.77,0.723,0.642,0.481,0.143,1.23,2.12,3.06,4.52,6.63,15.6,11.1,5.57,4.44,4.54,1.16,1.03,0.823,2.0,5.49,7.91,11.7,17.2,40.4,28.6,14.4,11.5,11.7,3.01,2.66,14.7,20.5,31.4,46.0,101.0,76.7,37.4,30.8,30.4,8.06,7.12,17.6,3.0,5.68,7.93,12.1,17.8,39.1,29.6,14.4,11.9,11.8,3.11,4.34,25.28,2.25,5.05,13.05,35.14,13.4
