file,page,year,station_code,station_name,coordinates,catchment_area_km2,annual_total_m3_million,annual_mm,annual_lps_km2,flow_october_m3s,flow_november_m3s,flow_december_m3s,flow_january_m3s,flow_february_m3s,flow_march_m3s,flow_april_m3s,flow_may_m3s,flow_june_m3s,flow_july_m3s,flow_august_m3s,flow_september_m3s,flow_avg_annual_m3s,ltsnkm2_Ekim,ltsnkm2_Kasım,ltsnkm2_Aralık,ltsnkm2_Ocak,ltsnkm2_Şubat,ltsnkm2_Mart,ltsnkm2_Nisan,ltsnkm2_Mayıs,ltsnkm2_Haziran,ltsnkm2_Temmuz,ltsnkm2_Ağustos,ltsnkm2_Eylül,ltsnkm2_average,mm_akim_Ekim,mm_akim_Kasım,mm_akim_Aralık,mm_akim_Ocak,mm_akim_Şubat,mm_akim_Mart,mm_akim_Nisan,mm_akim_Mayıs,mm_akim_Haziran,mm_akim_Temmuz,mm_akim_Ağustos,mm_akim_Eylül,mm_akim_annual_average,mil_m3_Ekim,mil_m3_Kasım,mil_m3_Aralık,mil_m3_Ocak,mil_m3_Şubat,mil_m3_Mart,mil_m3_Nisan,mil_m3_Mayıs,mil_m3_Haziran,mil_m3_Temmuz,mil_m3_Ağustos,mil_m3_Eylül,mil_m3_annual_average
dsi_2005.pdf,439,2005,D14A162,Yeşi̇lirmak Kozlu̇,,712.62,288.33,405.0,1.43,0.679,1.33,2.13,1.81,3.07,27.5,37.4,21.8,8.07,2.5,1.77,1.43,9.124,2.0,0.953,1.86,2.99,2.54,4.31,38.5,52.5,30.6,11.3,3.5,2.48,12.794,2.55,4.83,8.02,6.8,10.4,103.0,136.0,82.0,29.4,9.38,6.65,5.22,33.687,1.82,3.44,5.72,4.84,7.44,73.5,97.1,58.4,20.9,6.69,4.74,3.72,24.026
dsi_2006.pdf,509,2006,D14A162,Yeşi̇lirmak Kozlu̇,,712.62,414.3,581.0,2.23,2.17,2.73,3.03,2.63,5.72,39.9,44.8,38.7,10.4,3.35,1.41,2.23,13.089,2.0,3.04,3.83,4.26,3.69,8.03,55.9,62.9,54.2,14.5,4.71,1.98,18.253,8.14,9.92,11.4,9.9,19.4,150.0,163.0,145.0,37.7,12.6,5.31,8.13,48.375,5.8,7.07,8.12,7.05,13.8,107.0,116.0,104.0,26.9,8.98,3.79,5.79,34.525
dsi_2007.pdf,492,2007,D14A162,Yeşi̇lirmak Kozlu̇,,712.62,251.71,353.0,0.991,3.39,9.79,2.72,2.25,3.96,17.9,26.0,20.9,4.85,1.76,1.14,0.991,7.971,2.0,4.76,13.7,3.82,3.16,5.55,25.2,36.4,29.4,6.81,2.47,1.6,11.239,12.8,35.6,10.2,8.46,13.4,67.4,94.5,78.7,17.7,6.61,4.27,3.6,29.437,9.09,25.4,7.29,6.03,9.57,48.0,67.3,56.1,12.6,4.71,3.05,2.57,20.976
dsi_2008.pdf,474,2008,D14A162,Yeşi̇lirmak Kozlu̇,,712.62,271.34,381.0,0.747,1.63,2.57,6.46,4.26,3.52,37.8,23.7,12.7,6.72,1.83,0.813,0.747,8.562,2.0,2.28,3.6,9.07,5.97,4.94,53.1,33.2,17.9,9.43,2.57,1.14,12.1,6.11,9.34,24.3,16.0,12.4,142.0,86.0,47.9,24.4,6.88,3.06,2.72,31.759,4.35,6.66,17.3,11.4,8.81,101.0,61.3,34.1,17.4,4.9,2.18,1.94,22.612
dsi_2009.pdf,489,2009,D14A162,Ye,,,,382.0,1.39,1.64,2.82,3.12,3.63,8.77,16.5,29.1,22.5,9.46,3.69,1.18,1.39,8.65,2.0,2.3,3.95,4.39,5.09,12.3,23.2,40.8,31.6,13.3,5.17,1.65,12.146,6.17,10.3,11.7,13.6,29.8,62.2,106.0,84.6,34.4,13.9,4.43,5.04,31.845,,,,,,,,,,,,,
dsi_2010.pdf,474,2010,D14A162,Yeşi̇lirmak Kozlu̇,,712.62,332.75,467.0,0.07,1.21,12.2,11.7,14.1,19.2,28.6,18.9,13.2,6.48,1.58,0.105,0.07,10.612,2.0,1.7,17.2,16.4,19.7,27.0,40.2,26.5,18.5,9.1,2.22,0.148,15.056,4.57,44.5,43.9,52.8,65.2,108.0,68.6,49.5,23.6,5.96,0.395,0.253,38.94,3.25,31.7,31.3,37.6,46.5,76.7,48.9,35.3,16.8,4.24,0.282,0.18,27.729
dsi_2011.pdf,492,2011,D14A162,Yeşi̇lirmak Kozlu̇,,712.62,269.7,378.0,2.14,0.801,0.649,1.23,0.963,2.04,14.8,29.9,29.1,13.5,4.92,2.36,2.14,8.534,2.0,1.12,0.91,1.72,1.35,2.86,20.7,41.9,40.8,18.9,6.9,3.31,11.872,3.01,2.36,4.61,3.62,6.93,55.5,109.0,109.0,49.1,18.5,8.86,7.79,31.523,2.15,1.68,3.29,2.58,4.94,39.5,77.5,78.0,35.0,13.2,6.31,5.55,22.475
dsi_2012.pdf,546,2012,D14A162,Yeşi̇lirmak Kozlu̇,,712.62,221.86,311.0,1.33,1.96,1.63,1.39,1.57,1.71,4.75,36.3,20.2,9.2,3.04,1.38,1.33,7.038,2.0,2.75,2.28,1.95,2.21,2.4,6.66,51.0,28.4,12.9,4.27,1.93,9.896,7.37,5.92,5.21,5.92,6.01,17.8,132.0,75.9,33.5,11.4,5.17,4.83,25.919,5.25,4.22,3.72,4.22,4.28,12.7,94.2,54.1,23.9,8.15,3.68,3.44,18.488
dsi_2013.pdf,545,2013,D14A162,Yeşi̇lirmak Kozlu̇,,712.62,252.62,354.0,1.67,1.47,4.93,5.28,6.27,11.2,25.4,22.4,10.3,4.49,1.73,1.43,1.67,8.048,2.0,2.06,6.92,7.41,8.8,15.7,35.6,31.4,14.4,6.31,2.43,2.0,11.252,5.53,17.9,19.8,23.6,38.0,95.4,81.4,38.6,16.3,6.51,5.36,6.06,29.538,3.94,12.8,14.1,16.8,27.1,68.0,58.0,27.5,11.6,4.64,3.82,4.32,21.052
dsi_2014.pdf,513,2014,D14A162,Yeşi̇lirmak Kozlu̇,,712.62,62.05,87.0,1.43,1.36,1.19,1.46,1.4,1.58,4.88,3.73,3.03,1.93,0.857,0.73,1.43,1.965,2.0,1.9,1.67,2.04,1.97,2.22,6.85,5.24,4.25,2.71,1.2,1.02,2.756,5.1,4.33,5.48,5.26,5.38,18.3,13.6,11.4,7.03,3.22,2.74,5.19,7.252,3.63,3.09,3.9,3.75,3.83,13.1,9.68,8.11,5.01,2.3,1.95,3.7,5.171
dsi_2015.pdf,529,2015,D14A162,Yeşi̇lirmak Kozlu̇,,712.62,254.89,358.0,1.1,3.18,4.09,7.58,4.31,3.98,16.4,29.4,16.0,7.39,2.09,1.39,1.1,8.076,2.0,4.46,5.75,10.6,6.04,5.58,23.0,41.2,22.5,10.4,2.93,1.95,11.368,11.9,14.9,28.5,16.2,13.5,61.7,107.0,60.1,26.9,7.86,5.21,3.99,29.813,8.51,10.6,20.3,11.5,9.63,44.0,76.1,42.9,19.2,5.6,3.71,2.84,21.241
dsi_2016.pdf,529,2016,D14A162,Yeşi̇lirmak Kozlu̇,,712.62,294.13,413.0,2.1,1.75,1.66,2.06,3.79,12.1,21.5,22.5,25.1,12.7,4.67,1.96,2.1,9.324,2.0,2.46,2.33,2.89,5.32,17.0,30.2,31.5,35.2,17.8,6.55,2.76,13.001,6.59,6.04,7.73,14.3,42.6,80.8,81.7,94.3,46.1,17.5,7.38,7.64,34.39,4.7,4.31,5.51,10.2,30.4,57.6,58.2,67.2,32.8,12.5,5.26,5.45,24.511
dsi_2017.pdf,530,2017,D14A162,Yeşi̇lirmak Kozlu̇,,712.62,127.49,179.0,0.695,1.96,1.73,1.66,1.79,1.84,5.68,14.2,9.79,5.53,2.34,1.3,0.695,4.043,2.0,2.75,2.43,2.33,2.51,2.58,7.98,19.9,13.7,7.76,3.29,1.83,5.755,7.37,6.31,6.24,6.73,6.25,21.4,51.7,36.8,20.1,8.8,4.9,2.53,14.928,5.25,4.49,4.45,4.79,4.45,15.2,36.8,26.2,14.3,6.27,3.49,1.8,10.624
dsi_2018.pdf,513,2018,D14A162,Yeşi̇lirmak Kozlu̇,,712.62,160.37,225.0,1.69,0.83,1.36,2.94,2.32,5.29,19.3,8.06,9.27,6.34,2.29,1.28,1.69,5.081,2.0,1.17,1.91,4.13,3.25,7.42,27.1,11.3,13.0,8.9,3.21,1.79,7.098,3.12,4.94,11.1,8.71,17.9,72.6,29.3,34.8,23.1,8.6,4.79,6.16,18.76,2.22,3.52,7.88,6.21,12.8,51.7,20.9,24.8,16.4,6.13,3.42,4.39,13.364
dsi_2019.pdf,477,2019,D14A162,Yeşi̇lirmak Kozlu̇,,712.62,289.83,407.0,1.53,2.54,1.65,5.74,7.77,9.68,18.1,30.7,21.4,7.24,2.66,1.4,1.53,9.201,2.0,3.57,2.32,8.06,10.9,13.6,25.4,43.1,30.0,10.2,3.73,1.96,12.903,9.55,6.01,21.6,29.2,32.9,68.1,112.0,80.4,26.3,10.0,5.26,5.56,33.907,6.81,4.28,15.4,20.8,23.4,48.6,79.6,57.3,18.8,7.13,3.75,3.96,24.152
dsi_2020.pdf,486,2020,D14A162,Yeşi̇lirmak Kozlu̇,,712.62,214.45,301.0,1.04,1.37,1.29,1.71,2.14,5.66,21.7,19.3,18.0,5.76,2.23,1.15,1.04,6.779,2.0,1.92,1.81,2.4,3.0,7.94,30.4,27.1,25.3,8.08,3.13,1.61,9.558,5.13,4.68,6.42,8.03,19.9,81.5,70.2,67.7,20.9,8.38,4.32,3.78,25.078,3.66,3.34,4.57,5.73,14.2,58.1,50.0,48.2,14.9,5.97,3.08,2.7,17.871
dsi_2009.pdf,498,2009,D14A172,Kelk,,,,,66.7,,,,,,,,,,,,,,2.0,3.18,2.5,5.52,6.0,7.47,8.56,18.7,8.36,7.19,6.31,6.24,6.836,,,,,,,,,,,,,,,,,,,,,,,,,,
dsi_2010.pdf,481,2010,D14A172,Kelki̇t Ç,,10693.0,3943.0,369.0,61.8,61.2,97.5,119.0,150.0,132.0,211.0,189.0,175.0,96.4,92.4,114.0,61.8,124.942,2.0,5.72,9.12,11.1,14.0,12.3,19.8,17.7,16.3,9.01,8.64,10.7,11.366,15.3,23.6,29.9,37.5,29.9,52.9,45.8,43.8,23.4,23.1,28.6,15.0,30.733,164.0,253.0,319.0,401.0,319.0,566.0,490.0,468.0,250.0,247.0,306.0,160.0,328.583
dsi_2011.pdf,496,2011,D14A172,Kelki̇t Ç,,10693.0,,,,,,,,,,,,,,,,,,,,,,,,,,,,,,,,,,,,,,,,,,,,,,,,,,,,,,,
dsi_2012.pdf,552,2012,D14A172,Kelki̇t Ç,,10693.0,2075.0,194.0,47.7,70.0,49.2,48.2,77.2,79.8,49.4,107.0,78.7,72.0,58.0,50.5,47.7,65.642,2.0,6.55,4.6,4.5,7.22,7.46,4.62,10.1,7.36,6.73,5.42,4.72,5.94,17.5,11.9,12.1,19.3,18.7,12.4,26.1,19.7,17.4,14.5,12.6,11.6,16.15,188.0,128.0,129.0,207.0,200.0,132.0,279.0,211.0,187.0,155.0,135.0,124.0,172.917
dsi_2014.pdf,559,2014,D14A172,Kelki̇t Ç,,13300.4,,,,,,,,,,,,,,,,,,,,,,,,,,,,,,,,,,,,,,,,,,,,,,,,,,,,,,,
dsi_2015.pdf,580,2015,D14A172,Kelki̇t Ç,,104.8,,,,,,,,,,,,,,,,,,,,,,,,,,,,,,,,,,,,,,,,,,,,,,,,,,,,,,,
dsi_2018.pdf,515,2018,D14A172,Kelki̇t Ç,,10693.0,1271.1,119.0,43.8,57.3,25.0,94.6,53.5,54.9,18.0,13.4,16.0,33.8,33.7,39.7,43.8,40.308,2.0,5.36,2.34,8.85,5.01,5.13,1.68,1.25,1.5,3.16,3.15,3.71,3.595,14.4,6.06,23.7,13.4,12.4,4.5,3.25,4.0,8.19,8.44,9.94,10.6,9.907,154.0,64.7,253.0,143.0,133.0,48.1,34.7,42.8,87.6,90.2,106.0,114.0,105.925
dsi_2018.pdf,516,2018,D14A172,Kelki̇t Ç,,10693.0,1407.7,132.0,52.5,37.8,35.3,46.3,58.9,46.7,55.9,60.9,22.9,18.6,49.6,50.2,52.5,44.633,2.0,3.53,3.3,4.33,5.51,4.37,5.22,5.69,2.14,1.74,4.64,4.7,3.931,9.46,8.55,11.6,14.8,10.6,14.0,14.8,5.73,4.5,12.4,12.6,12.7,10.978,101.0,91.4,124.0,158.0,113.0,150.0,158.0,61.2,48.1,133.0,134.0,136.0,117.308
dsi_2019.pdf,480,2019,D14A172,Kelki̇t Ç,,10693.0,1779.0,166.0,70.7,20.5,17.0,41.9,71.2,72.5,70.3,70.0,63.1,46.5,63.0,71.3,70.7,56.5,2.0,1.92,1.59,3.92,6.66,6.78,6.58,6.54,5.9,4.35,5.89,6.67,4.9,5.14,4.12,10.5,17.8,16.4,17.6,17.0,15.8,11.3,15.8,17.9,17.1,13.872,55.0,44.0,112.0,191.0,175.0,188.0,181.0,169.0,121.0,169.0,191.0,183.0,148.25
dsi_2020.pdf,489,2020,D14A172,Kelki̇t Ç,,10693.0,1612.1,151.0,52.5,62.8,58.9,49.2,36.0,51.3,60.9,34.6,47.5,58.2,51.5,48.2,52.5,50.967,2.0,5.88,5.5,4.6,3.37,4.8,5.7,3.23,4.44,5.44,4.81,4.5,4.522,15.7,14.3,12.3,9.03,12.0,15.3,8.38,11.9,14.1,12.9,12.1,12.7,12.559,168.0,153.0,132.0,96.5,129.0,163.0,89.6,127.0,151.0,138.0,129.0,136.0,134.342
dsi_2016.pdf,548,2016,D14A192,Kelki̇t N,,10811.6,2560.0,237.0,72.7,72.7,56.6,62.6,50.5,78.6,84.6,87.4,128.0,123.0,80.9,74.1,72.7,80.975,2.0,6.72,5.24,5.79,4.68,7.27,7.82,8.09,11.8,11.4,7.48,6.85,7.095,18.0,13.6,15.5,12.5,18.2,20.9,21.0,31.7,29.5,20.0,18.4,17.4,19.725,195.0,147.0,168.0,135.0,197.0,226.0,227.0,343.0,319.0,217.0,198.0,188.0,213.333
dsi_2017.pdf,550,2017,D14A192,Kelki̇t N,,10811.6,1654.5,153.0,58.1,71.0,39.1,98.4,68.9,68.5,30.9,22.3,23.1,47.1,48.3,54.7,58.1,52.533,2.0,6.57,3.61,9.1,6.37,6.34,2.86,2.06,2.13,4.36,4.47,5.06,4.578,17.6,9.37,24.4,17.1,15.3,7.66,5.34,5.71,11.3,12.0,13.5,13.9,12.765,190.0,101.0,263.0,184.0,166.0,82.9,57.8,61.8,122.0,129.0,146.0,151.0,137.875
dsi_2018.pdf,532,2018,D14A192,Kelki̇t N,,10811.6,1765.9,163.0,66.2,53.9,49.7,62.1,71.2,55.2,63.2,63.0,29.0,29.8,65.2,63.1,66.2,55.967,2.0,4.98,4.59,5.75,6.59,5.11,5.85,5.82,2.69,2.75,6.03,5.84,4.833,13.3,11.9,15.4,17.6,12.4,15.7,15.1,7.19,7.13,16.2,15.6,15.9,13.618,144.0,129.0,166.0,191.0,134.0,169.0,163.0,77.8,77.1,175.0,169.0,171.0,147.158
dsi_2019.pdf,496,2019,D14A192,Kelki̇t N,,10811.6,2075.5,192.0,77.4,30.7,27.5,57.6,81.5,82.7,75.7,74.7,75.5,59.9,71.4,76.2,77.4,65.9,2.0,2.84,2.55,5.33,7.54,7.65,7.01,6.91,6.98,5.54,6.6,7.05,5.667,7.6,6.6,14.3,20.2,18.5,18.8,17.9,18.7,14.4,17.7,18.9,18.6,16.017,82.1,71.4,154.0,218.0,200.0,203.0,194.0,202.0,155.0,191.0,204.0,201.0,172.958
dsi_2020.pdf,504,2020,D14A192,Kelki̇t N,,10811.6,2047.0,189.0,70.3,70.2,74.3,59.5,51.2,65.6,73.1,48.0,62.0,72.1,66.4,64.8,70.3,64.792,2.0,6.49,6.87,5.5,4.73,6.07,6.76,4.44,5.73,6.67,6.14,6.0,5.617,17.4,17.8,14.7,12.7,15.2,18.1,11.5,15.4,17.3,16.4,16.1,16.9,15.792,188.0,192.0,159.0,137.0,164.0,196.0,124.0,166.0,187.0,178.0,174.0,182.0,170.583
dsi_2005.pdf,687,2005,D22A093,Turna Suyu Cumhuri̇yet Köyü̇,,210.0,190.24,906.0,3.62,2.44,4.1,7.14,4.87,7.26,14.4,13.0,8.08,5.51,1.27,0.862,3.62,6.046,2.0,11.6,19.5,34.0,23.2,34.6,68.5,62.0,38.5,26.2,6.05,4.1,27.521,31.2,50.6,91.1,62.2,83.6,183.0,161.0,103.0,68.0,16.2,11.0,44.7,75.467,6.55,10.6,19.1,13.1,17.6,38.5,33.8,21.6,14.3,3.4,2.31,9.38,15.853
dsi_2006.pdf,808,2006,D22A093,Turna Ç,,210.0,177.29,844.0,1.39,10.5,7.87,2.2,3.47,6.25,11.7,9.11,8.22,1.07,4.98,0.687,1.39,5.621,2.0,50.1,37.5,10.5,16.5,29.7,55.6,43.4,39.2,5.09,23.7,3.27,26.38,134.0,97.2,28.0,44.2,72.0,149.0,112.0,105.0,13.2,63.5,8.76,17.2,70.338,28.2,20.4,5.88,9.29,15.1,31.3,23.6,22.0,2.77,13.3,1.84,3.61,14.774
dsi_2007.pdf,766,2007,D22A093,Turna Ç,,210.0,183.9,876.0,2.23,3.93,7.27,2.93,4.69,9.01,17.0,10.2,8.42,1.16,2.56,0.784,2.23,5.849,2.0,18.7,34.6,14.0,22.4,42.9,81.1,48.4,40.1,5.54,12.2,3.73,27.139,50.2,89.7,37.4,59.9,104.0,217.0,126.0,107.0,14.4,32.6,9.99,27.6,72.982,10.5,18.8,7.85,12.6,21.8,45.6,26.4,22.6,3.01,6.85,2.1,5.79,15.325
dsi_2008.pdf,750,2008,D22A093,Turna Ç,,210.0,171.62,817.0,6.7,3.62,7.62,2.64,1.18,2.28,22.2,4.26,3.56,7.73,1.72,1.55,6.7,5.422,2.0,17.2,36.3,12.6,5.6,10.9,106.0,20.3,16.9,36.8,8.21,7.36,23.348,46.2,94.1,33.6,15.0,27.2,283.0,52.5,45.4,95.4,22.0,19.7,82.7,68.067,9.7,19.8,7.06,3.15,5.72,59.5,11.0,9.53,20.0,4.62,4.14,17.4,14.302
dsi_2009.pdf,749,2009,D22A093,Turnasuyu Cumhuri̇yet Köyü̇,,210.0,200.04,953.0,10.9,5.06,3.08,5.37,7.92,8.33,10.0,5.78,6.35,1.63,9.64,2.14,10.9,6.35,2.0,24.1,14.7,25.6,37.7,39.6,47.6,27.5,30.2,7.76,45.9,10.2,26.072,64.6,38.0,68.5,101.0,95.9,128.0,71.4,81.0,20.1,123.0,27.3,134.0,79.4,13.6,7.99,14.4,21.2,20.1,26.8,15.0,17.0,4.23,25.8,5.72,28.2,16.67
dsi_2010.pdf,752,2010,D22A093,Turnasuyu Cumhuri̇yet Köyü̇,,210.0,178.8,851.0,0.742,2.28,16.8,5.21,6.0,13.5,9.21,6.5,3.23,3.06,1.8,0.584,0.742,5.743,2.0,10.8,80.0,24.8,28.6,64.4,43.9,31.0,15.4,14.6,8.57,2.78,27.237,29.1,207.0,66.4,76.5,156.0,118.0,80.2,41.3,37.8,23.0,7.45,9.15,70.992,6.1,43.5,14.0,16.1,32.7,24.7,16.8,8.66,7.94,4.82,1.56,1.92,14.9
dsi_2011.pdf,785,2011,D22A093,Turnasuyu Cumhuri̇yet Köyü̇,,210.0,139.27,663.0,1.11,6.34,1.85,0.719,1.54,4.29,8.45,9.81,8.18,4.17,1.78,4.74,1.11,4.415,2.0,30.2,8.81,3.42,7.32,20.4,40.2,46.7,38.9,19.8,8.46,22.6,20.734,80.9,22.8,9.17,19.6,49.4,108.0,121.0,104.0,51.4,22.7,60.5,13.7,55.264,17.0,4.79,1.93,4.12,10.4,22.6,25.4,21.9,10.8,4.76,12.7,2.87,11.606
dsi_2012.pdf,858,2012,D22A093,Turnasuyu Cumhuri̇yet Köyü̇,,210.0,148.43,707.0,0.698,4.09,6.89,3.85,2.86,2.78,6.66,16.8,5.62,3.37,2.14,0.691,0.698,4.704,2.0,19.5,32.8,18.4,13.6,13.2,31.7,80.2,26.8,16.0,10.2,3.29,22.308,52.2,85.1,49.2,36.5,33.1,84.9,208.0,71.7,41.6,27.3,8.82,8.62,58.92,11.0,17.9,10.3,7.66,6.96,17.8,43.6,15.1,8.73,5.72,1.85,1.81,12.369
dsi_2013.pdf,862,2013,D22A093,Turnasuyu Cumhuri̇yet Köyü̇,,210.0,113.35,540.0,1.2,1.01,8.16,3.29,6.05,5.37,9.92,3.22,1.89,1.95,0.813,0.398,1.2,3.606,2.0,4.8,38.9,15.7,28.8,25.6,47.2,15.3,9.02,9.3,3.87,1.9,16.866,12.8,101.0,42.0,77.1,61.8,126.0,39.7,24.2,24.1,10.4,5.08,14.8,44.915,2.7,21.2,8.81,16.2,13.0,26.6,8.34,5.08,5.06,2.18,1.07,3.11,9.446
dsi_2014.pdf,911,2014,D22A093,Turnasuyu Cumhuri̇yet Köyü̇,,210.0,108.67,517.0,2.55,6.4,0.612,3.12,4.74,3.54,6.58,3.97,3.11,3.57,1.52,1.54,2.55,3.438,2.0,30.5,2.91,14.9,22.6,16.9,31.3,18.9,14.8,17.0,7.21,7.31,15.528,81.7,7.55,39.8,60.5,40.8,83.9,49.1,39.6,44.1,19.3,19.6,31.5,43.121,17.2,1.59,8.35,12.7,8.56,17.6,10.3,8.32,9.27,4.06,4.11,6.61,9.056
dsi_2015.pdf,892,2015,D22A093,Turnasuyu Cumhuri̇yet Köyü̇,,210.0,189.04,900.0,0.425,6.87,11.0,8.02,5.61,5.98,11.7,10.2,2.98,5.28,3.34,0.566,0.425,5.998,2.0,32.7,52.6,38.2,26.7,28.5,55.9,48.4,14.2,25.1,15.9,2.7,28.575,87.7,136.0,102.0,71.6,68.9,150.0,126.0,38.0,65.2,42.5,7.22,5.25,75.031,18.4,28.6,21.5,15.0,14.5,31.4,26.4,7.98,13.7,8.94,1.52,1.1,15.753
dsi_2016.pdf,898,2016,D22A093,Turnasuyu Cumhuri̇yet Köyü̇,,210.0,219.81,1047.0,5.92,3.47,6.9,2.89,9.46,15.1,9.01,6.47,11.6,4.6,7.34,1.12,5.92,6.99,2.0,16.5,32.9,13.7,45.0,72.0,42.9,30.8,55.2,21.9,34.9,5.31,31.092,44.2,85.2,36.8,121.0,180.0,115.0,79.9,148.0,56.8,93.6,14.2,73.0,87.308,9.29,17.9,7.73,25.3,37.9,24.1,16.8,31.0,11.9,19.6,2.99,15.3,18.318
dsi_2017.pdf,901,2017,D22A093,Turnasuyu Cumhuri̇yet Köyü̇,,210.0,153.71,732.0,0.725,4.12,3.02,4.91,3.47,6.46,13.8,10.2,5.93,4.49,0.888,0.613,0.725,4.886,2.0,19.6,14.4,23.4,16.5,30.7,65.5,48.8,28.2,21.4,4.23,2.92,23.138,52.5,37.3,62.6,44.2,74.4,175.0,126.0,75.6,55.4,11.3,7.82,8.95,60.923,11.0,7.83,13.2,9.28,15.6,36.8,26.6,15.9,11.6,2.38,1.64,1.88,12.809
dsi_2018.pdf,903,2018,D22A093,Turnasuyu Cumhuri̇yet Köyü̇,,210.0,112.68,537.0,1.52,3.35,0.965,7.53,5.48,6.1,6.17,1.69,3.57,4.3,1.31,0.93,1.52,3.576,2.0,16.0,4.59,35.9,26.1,29.1,29.4,8.05,17.0,20.5,6.23,4.43,16.608,42.7,11.9,96.0,69.9,70.3,78.7,20.9,45.6,53.0,16.7,11.9,18.8,44.7,8.98,2.5,20.2,14.7,14.8,16.5,4.38,9.57,11.1,3.51,2.49,3.95,9.39
dsi_2019.pdf,871,2019,D22A093,Turnasuyu Cumhuri̇yet Köyü̇,,210.0,163.72,780.0,1.62,4.53,4.77,7.29,7.5,4.74,7.36,9.75,6.31,1.86,3.2,3.22,1.62,5.179,2.0,21.6,22.7,34.7,35.7,22.6,35.1,46.4,30.0,8.88,15.2,15.4,24.19,57.8,58.9,93.0,95.7,54.6,93.9,120.0,80.4,23.0,40.8,41.1,20.0,64.933,12.1,12.4,19.5,20.1,11.5,19.7,25.3,16.9,4.83,8.56,8.63,4.2,13.643
dsi_2020.pdf,863,2020,D22A093,Turnasuyu Cumhuri̇yet Köyü̇,,210.0,149.05,710.0,0.454,1.71,2.43,3.4,4.37,10.6,13.6,4.78,7.34,2.62,1.78,3.62,0.454,4.725,2.0,8.16,11.6,16.2,20.8,50.3,64.6,22.7,35.0,12.5,8.49,17.2,22.462,21.9,30.0,43.3,55.7,126.0,173.0,58.9,93.6,32.3,22.7,46.2,5.61,59.101,4.59,6.31,9.1,11.7,26.5,36.3,12.4,19.7,6.79,4.78,9.7,1.18,12.421
dsi_2005.pdf,688,2005,D22A095,Y,,110.0,30.13,274.0,0.118,0.096,0.117,0.07,0.074,0.103,0.498,5.18,3.92,0.941,0.234,0.123,0.118,0.956,2.0,0.873,1.07,0.64,0.674,0.936,4.53,47.1,35.7,8.56,2.13,1.12,8.778,2.34,2.76,1.71,1.81,2.26,12.1,122.0,95.6,22.2,5.7,3.0,2.78,22.855,0.257,0.304,0.189,0.199,0.249,1.33,13.4,10.5,2.44,0.627,0.33,0.306,2.511
dsi_2006.pdf,809,2006,D22A095,Yayla D,,110.0,57.53,523.0,0.1,0.588,0.834,0.641,0.402,0.241,1.06,9.67,7.37,0.628,0.224,0.099,0.1,1.821,2.0,5.35,7.58,5.83,3.66,2.19,9.67,87.9,67.0,5.71,2.04,0.896,16.652,14.3,19.7,15.6,9.79,5.29,25.9,228.0,180.0,14.8,5.46,2.4,2.36,43.633,1.58,2.16,1.72,1.08,0.582,2.85,25.1,19.7,1.63,0.601,0.264,0.259,4.794
dsi_2007.pdf,767,2007,D22A095,Yayla D,,110.0,37.67,342.0,0.055,0.214,0.572,0.485,0.348,0.233,0.574,1.91,9.29,0.342,0.064,0.083,0.055,1.181,2.0,1.95,5.2,4.4,3.17,2.12,5.22,17.4,84.4,3.11,0.586,0.752,10.859,5.22,13.5,11.8,8.48,5.12,14.0,45.0,226.0,8.07,1.57,2.01,1.3,28.506,0.574,1.48,1.3,0.933,0.564,1.54,4.95,24.9,0.888,0.173,0.222,0.143,3.139
dsi_2008.pdf,751,2008,D22A095,Yayla D,,110.0,,,0.063,,,,,,,,,,,,,,,,,,,,,,,,,,,,,,,,,,,,,,,,,,,,,,,,,,,,
dsi_2009.pdf,750,2009,D22A095,Yayla D,,110.0,,,0.145,,,,,,,,,,,,,,,,,,,,,,,,,,,,,,,,,,,,,,,,,,,,,,,,,,,,
dsi_2010.pdf,753,2010,D22A095,Yayla D,,110.0,70.43,640.0,0.112,0.258,1.24,0.683,0.524,0.786,6.65,9.15,5.95,1.08,0.218,0.116,0.112,2.231,2.0,2.35,11.3,6.21,4.76,7.15,60.4,83.2,54.1,9.81,1.99,1.06,20.361,6.29,29.2,16.6,12.8,17.3,162.0,216.0,145.0,25.4,5.32,2.83,2.63,53.448,0.691,3.22,1.83,1.4,1.9,17.8,23.7,15.9,2.8,0.585,0.312,0.29,5.869
dsi_2011.pdf,786,2011,D22A095,Yayla D,,110.0,59.06,537.0,0.204,0.244,0.2,0.141,0.117,0.136,0.56,8.65,10.0,1.62,0.347,0.185,0.204,1.867,2.0,2.22,1.82,1.28,1.06,1.24,5.09,78.6,91.0,14.8,3.15,1.68,16.995,5.95,4.72,3.43,2.84,2.99,13.6,204.0,244.0,38.2,8.44,4.5,4.81,44.79,0.654,0.52,0.377,0.313,0.329,1.5,22.4,26.8,4.21,0.929,0.495,0.529,4.921
dsi_2012.pdf,1030,2012,D22A095,Yayla D,,302.5,,,,,,,,,,,,,,,,,,,,,,,,,,,,,,,,,,,,,,,,,,,,,,,,,,,,,,,
dsi_2013.pdf,863,2013,D22A095,Yayla D,,110.0,,,0.085,,,,,,,,,,,,,,,,,,,,,,,,,,,,,,,,,,,,,,,,,,,,,,,,,,,,
dsi_2014.pdf,912,2014,D22A095,Yayla D,,110.0,27.46,250.0,0.142,0.131,0.133,0.275,0.142,0.163,1.19,5.02,2.54,0.476,0.154,0.104,0.142,0.872,2.0,1.19,1.21,2.5,1.29,1.48,10.8,45.6,23.0,4.33,1.4,0.946,7.979,3.19,3.13,6.7,3.47,3.59,28.9,118.0,61.7,11.2,3.74,2.53,3.34,20.791,0.35,0.344,0.737,0.381,0.395,3.18,13.0,6.79,1.23,0.411,0.279,0.368,2.289
dsi_2015.pdf,893,2015,D22A095,Yayla D,,110.0,53.85,490.0,0.154,0.237,0.382,0.3,0.315,0.384,1.26,7.0,8.76,1.2,0.26,0.175,0.154,1.702,2.0,2.15,3.47,2.73,2.86,3.5,11.4,63.6,79.6,10.9,2.37,1.59,15.514,5.77,9.0,7.3,7.67,8.46,30.6,165.0,213.0,28.2,6.34,4.27,3.62,40.769,0.635,0.99,0.803,0.844,0.93,3.37,18.1,23.5,3.11,0.697,0.47,0.398,4.487
dsi_2016.pdf,899,2016,D22A095,Yayla D,,110.0,53.46,486.0,0.206,0.137,0.131,0.144,0.168,0.45,1.95,8.29,6.02,2.32,0.329,0.196,0.206,1.695,2.0,1.24,1.19,1.31,1.53,4.09,17.8,75.4,54.8,21.1,2.99,1.78,15.436,3.33,3.08,3.51,4.1,10.3,47.6,195.0,147.0,54.7,8.01,4.78,4.86,40.522,0.366,0.338,0.387,0.451,1.13,5.23,21.5,16.1,6.02,0.881,0.525,0.534,4.455
dsi_2018.pdf,904,2018,D22A095,Yayla D,,110.0,35.59,324.0,0.09,0.109,0.137,0.272,0.198,0.252,2.95,4.53,2.82,1.68,0.354,0.135,0.09,1.127,2.0,0.991,1.25,2.47,1.8,2.29,26.9,41.2,25.7,15.3,3.22,1.22,10.362,2.65,3.23,6.62,4.82,5.54,71.9,107.0,68.7,39.6,8.63,3.28,2.13,27.008,0.292,0.356,0.729,0.531,0.609,7.91,11.7,7.56,4.36,0.949,0.361,0.234,2.966
dsi_2019.pdf,872,2019,D22A095,Yayla D,,110.0,59.34,539.0,0.13,0.24,0.321,0.485,0.378,0.516,1.02,6.8,10.6,1.68,0.214,0.11,0.13,1.874,2.0,2.18,2.92,4.41,3.43,4.69,9.28,61.8,96.4,15.3,1.95,1.0,17.113,5.85,7.56,11.8,9.2,11.4,24.9,160.0,258.0,39.6,5.21,2.69,3.07,44.94,0.643,0.831,1.3,1.01,1.25,2.74,17.6,28.4,4.36,0.573,0.295,0.337,4.945
dsi_2020.pdf,864,2020,D22A095,Yayla D,,110.0,32.93,299.0,0.09,0.136,0.145,0.161,0.125,0.164,1.24,3.97,5.14,0.83,0.293,0.156,0.09,1.037,2.0,1.24,1.32,1.47,1.13,1.49,11.3,36.1,46.8,7.55,2.66,1.41,9.539,3.32,3.41,3.93,3.03,3.73,30.2,93.5,125.0,19.6,7.13,3.79,2.11,24.896,0.365,0.375,0.432,0.334,0.41,3.33,10.3,13.8,2.15,0.784,0.417,0.232,2.744
dsi_2005.pdf,693,2005,D22A105,Deği̇rmen Deresi̇ Salipazari̇,,74.5,72.33,971.0,0.791,0.523,3.43,4.93,2.09,3.03,5.26,3.25,2.49,1.13,0.303,0.34,0.791,2.297,2.0,7.02,46.0,66.1,28.1,40.7,70.6,43.7,33.4,15.2,4.07,4.56,30.121,18.8,119.0,177.0,75.3,98.4,189.0,113.0,89.6,39.5,10.9,12.2,27.5,80.85,1.4,8.88,13.2,5.61,7.33,14.1,8.43,6.67,2.94,0.811,0.91,2.05,6.028
dsi_2006.pdf,813,2006,D22A105,Deği̇rmen D,,74.5,116.67,1566.0,1.5,2.05,3.84,1.17,2.34,5.97,3.37,2.43,1.61,6.46,11.2,2.67,1.5,3.718,2.0,27.5,51.6,15.8,31.4,80.2,45.3,32.6,21.6,86.7,150.0,35.9,48.383,73.6,134.0,42.2,84.2,194.0,121.0,84.6,57.9,225.0,403.0,96.1,52.3,130.658,5.49,9.96,3.15,6.27,14.4,9.04,6.3,4.31,16.7,30.0,7.16,3.89,9.722
dsi_2007.pdf,773,2007,D22A105,Deği̇rmen D,,74.5,72.34,971.0,1.68,4.12,3.52,1.44,2.87,3.78,5.42,1.79,1.09,0.491,0.58,0.853,1.68,2.303,2.0,55.2,47.2,19.4,38.6,50.7,72.7,24.1,14.6,6.6,7.78,11.5,29.198,148.0,122.0,51.9,103.0,123.0,195.0,62.4,39.2,17.1,20.8,30.7,58.4,80.958,11.0,9.12,3.86,7.7,9.14,14.5,4.65,2.92,1.27,1.55,2.28,4.35,6.028
dsi_2008.pdf,758,2008,D22A105,Deği̇rmen D,,74.5,57.37,770.0,0.801,1.62,4.61,2.4,0.91,2.98,5.28,0.8,0.563,1.37,0.248,0.237,0.801,1.818,2.0,21.7,61.9,32.2,12.2,40.0,70.9,10.7,7.56,18.3,3.33,3.19,23.665,58.2,161.0,86.3,32.7,100.0,190.0,27.8,20.2,47.5,8.93,8.54,27.9,64.089,4.34,12.0,6.43,2.44,7.46,14.2,2.07,1.51,3.54,0.665,0.636,2.08,4.781
dsi_2009.pdf,755,2009,D22A105,Deği̇rmen D,,74.5,76.25,1023.0,2.91,1.73,2.81,2.67,3.89,4.59,4.07,1.2,1.76,0.66,1.89,0.99,2.91,2.431,2.0,23.3,37.7,35.8,52.2,61.6,54.7,16.1,23.6,8.86,25.4,13.3,29.547,62.3,97.8,95.8,140.0,149.0,146.0,41.8,63.2,23.0,68.1,35.6,101.0,85.3,4.64,7.28,7.14,10.4,11.1,10.9,3.11,4.71,1.71,5.07,2.65,7.54,6.354
dsi_2010.pdf,757,2010,D22A105,Deği̇rmen D,,74.5,72.21,969.0,0.321,0.891,5.39,1.48,3.0,1.82,2.64,2.47,0.535,1.93,6.71,0.252,0.321,2.287,2.0,12.0,72.4,19.8,40.2,24.5,35.5,33.2,7.18,25.9,90.1,3.38,30.513,32.0,188.0,53.2,108.0,59.2,95.0,86.1,19.2,67.1,241.0,9.05,11.2,80.754,2.39,14.0,3.96,8.03,4.41,7.07,6.41,1.43,5.0,18.0,0.674,0.832,6.017
dsi_2011.pdf,790,2011,D22A105,Deği̇rmen D,,74.5,98.8,1326.0,0.563,3.75,0.531,4.12,3.37,4.45,5.74,2.65,1.9,2.81,4.0,3.64,0.563,3.127,2.0,50.3,7.12,55.3,45.3,59.8,77.0,35.6,25.5,37.7,53.7,48.9,41.518,135.0,18.5,148.0,121.0,145.0,206.0,92.4,68.4,97.8,144.0,131.0,19.6,110.558,10.0,1.38,11.0,9.04,10.8,15.4,6.88,5.1,7.29,10.7,9.75,1.46,8.233
dsi_2012.pdf,862,2012,D22A105,Deği̇rmen D,,74.5,71.28,957.0,0.217,1.95,3.01,1.93,2.62,3.31,5.25,2.61,0.389,0.284,3.61,1.83,0.217,2.251,2.0,26.2,40.4,25.9,35.2,44.4,70.5,35.1,5.22,3.82,48.5,24.6,30.153,70.1,105.0,69.3,94.4,111.0,189.0,90.9,14.0,9.89,130.0,65.8,7.54,79.744,5.22,7.8,5.16,7.03,8.29,14.1,6.77,1.04,0.737,9.67,4.9,0.562,5.94
dsi_2013.pdf,867,2013,D22A105,Deği̇rmen D,,74.5,87.95,1181.0,0.889,0.472,6.18,4.56,6.02,3.0,2.95,2.0,0.287,0.446,1.4,5.26,0.889,2.789,2.0,6.33,83.0,61.2,80.8,40.3,39.6,26.8,3.85,5.98,18.7,70.7,36.605,17.0,215.0,164.0,216.0,97.4,106.0,69.4,10.3,15.5,50.2,189.0,30.9,98.392,1.26,16.0,12.2,16.1,7.26,7.9,5.17,0.768,1.15,3.74,14.1,2.3,7.329
dsi_2014.pdf,917,2014,D22A105,Deği̇rmen D,,74.5,48.72,654.0,2.21,3.67,0.445,2.03,0.747,0.83,2.06,1.28,1.28,0.894,0.626,2.36,2.21,1.536,2.0,49.3,5.97,27.2,10.0,11.1,27.6,17.2,17.2,12.0,8.4,31.7,18.306,132.0,15.5,72.9,26.9,26.9,73.9,44.6,46.0,31.1,22.5,85.0,76.8,54.508,9.83,1.15,5.43,2.0,2.01,5.5,3.33,3.42,2.32,1.68,6.33,5.72,4.06
dsi_2015.pdf,897,2015,D22A105,Deği̇rmen D,,74.5,77.88,1045.0,0.707,2.05,6.54,1.67,2.64,3.66,4.87,3.78,0.212,2.25,0.684,0.827,0.707,2.491,2.0,27.5,87.8,22.4,35.4,49.1,65.4,50.8,2.85,30.3,9.19,11.1,32.82,73.8,227.0,60.0,94.9,119.0,175.0,132.0,7.64,78.4,24.6,29.7,24.6,87.22,5.5,16.9,4.47,7.07,8.85,13.0,9.81,0.569,5.84,1.83,2.21,1.83,6.49
dsi_2016.pdf,903,2016,D22A105,Deği̇rmen D,,74.5,82.09,1102.0,2.35,2.19,1.06,1.86,4.32,6.47,3.71,1.03,3.89,2.34,1.38,0.705,2.35,2.609,2.0,29.4,14.2,24.9,57.9,86.9,49.7,13.8,52.3,31.4,18.5,9.47,32.539,78.7,36.8,66.7,155.0,218.0,133.0,35.8,140.0,81.5,49.5,25.4,81.7,91.842,5.86,2.74,4.97,11.6,16.2,9.93,2.67,10.4,6.07,3.68,1.89,6.08,6.841
dsi_2017.pdf,904,2017,D22A105,Deği̇rmen D,,74.5,67.87,911.0,0.271,1.36,2.12,4.12,3.91,5.55,3.32,1.62,1.72,1.32,0.242,0.501,0.271,2.171,2.0,18.3,28.4,55.3,52.5,74.5,44.5,21.8,23.1,17.8,3.24,6.73,29.014,49.0,73.7,148.0,141.0,180.0,119.0,56.5,61.8,46.1,8.68,18.0,9.44,75.935,3.65,5.49,11.0,10.5,13.4,8.89,4.21,4.61,3.43,0.647,1.34,0.703,5.656
dsi_2018.pdf,908,2018,D22A105,Deği̇rmen D,,74.5,69.62,934.0,1.63,0.735,0.413,4.01,4.93,4.08,4.4,0.993,0.877,0.615,1.48,2.36,1.63,2.21,2.0,9.87,5.54,53.8,66.2,54.8,59.0,13.3,11.8,8.26,19.8,31.7,28.006,26.4,14.4,144.0,177.0,132.0,158.0,34.5,31.5,21.4,53.1,84.8,56.7,77.817,1.97,1.07,10.7,13.2,9.87,11.8,2.57,2.35,1.59,3.96,6.32,4.22,5.802
dsi_2019.pdf,876,2019,D22A105,Deği̇rmen D,,74.5,107.44,1442.0,0.388,1.94,2.33,7.23,6.72,2.99,3.01,4.36,1.01,3.51,2.16,5.09,0.388,3.395,2.0,26.1,31.3,97.0,90.1,40.2,40.3,58.6,13.6,47.1,29.0,68.4,45.308,69.8,81.1,260.0,241.0,97.3,108.0,152.0,36.4,122.0,77.7,183.0,13.5,120.15,5.2,6.04,19.4,18.0,7.25,8.05,11.3,2.71,9.1,5.79,13.6,1.0,8.953
dsi_2020.pdf,868,2020,D22A105,Deği̇rmen D,,74.5,71.6,961.0,0.145,1.3,1.22,1.95,3.88,6.77,5.11,2.35,2.41,0.88,0.496,0.78,0.145,2.274,2.0,17.5,16.4,26.2,52.0,90.8,68.6,31.6,32.3,11.8,6.66,10.5,30.53,46.9,42.6,70.1,139.0,228.0,184.0,81.8,86.6,30.6,17.8,28.0,5.03,80.036,3.49,3.17,5.22,10.4,17.0,13.7,6.09,6.45,2.28,1.33,2.09,0.375,5.966
dsi_2018.pdf,926,2018,D22A144,Melet Irmaği Topçaṁ,,1303.7,,,0.173,,,,,,,,,,,,,,,,,,,,,,,,,,,,,,,,,,,,,,,,,,,,,,,,,,,,
dsi_2018.pdf,927,2018,D22A144,Melet Irmaği Topçaṁ,,1303.7,35.71,27.0,0.587,1.1,0.553,1.38,1.05,1.64,2.05,1.06,1.62,1.26,0.731,0.579,0.587,1.134,2.0,0.845,0.424,1.06,0.806,1.25,1.57,0.813,1.24,0.963,0.561,0.444,0.998,2.26,1.1,2.83,2.16,3.03,4.21,2.11,3.33,2.5,1.5,1.19,1.17,2.282,2.95,1.43,3.69,2.81,3.96,5.49,2.75,4.34,3.26,1.96,1.55,1.52,2.976
dsi_2019.pdf,894,2019,D22A144,Melet Irmaği Topçaṁ,,1303.7,40.49,31.0,0.524,0.862,0.86,1.34,1.58,1.27,1.96,2.96,1.95,0.816,0.656,0.634,0.524,1.284,2.0,0.661,0.659,1.03,1.21,0.978,1.5,2.27,1.49,0.626,0.503,0.487,1.118,1.77,1.71,2.75,3.24,2.37,4.03,5.88,4.0,1.62,1.35,1.3,1.04,2.588,2.31,2.23,3.59,4.23,3.08,5.25,7.66,5.21,2.11,1.76,1.7,1.36,3.374
dsi_2020.pdf,886,2020,D22A144,Melet Irmaği Topçaṁ,,1303.7,33.74,26.0,0.31,0.43,0.489,0.692,0.779,1.81,2.99,1.56,1.63,0.904,0.791,0.426,0.31,1.068,2.0,0.33,0.375,0.531,0.598,1.39,2.3,1.19,1.25,0.694,0.606,0.327,0.966,0.883,0.973,1.42,1.6,3.49,6.15,3.1,3.35,1.8,1.62,0.876,0.616,2.157,1.15,1.27,1.85,2.09,4.55,8.02,4.04,4.37,2.34,2.12,1.14,0.803,2.812
dsi_2014.pdf,951,2014,D22A145,Egeli̇ Çayi Kabataş̇,,234.0,54.71,234.0,0.577,1.08,0.818,1.74,2.08,2.41,3.9,2.71,2.13,1.84,0.878,0.722,0.577,1.74,2.0,4.6,3.5,7.43,8.87,10.3,16.7,11.6,9.11,7.87,3.75,3.08,7.401,12.3,9.06,19.9,23.8,24.9,44.6,30.0,24.4,20.4,10.1,8.26,6.39,19.509,2.88,2.12,4.66,5.56,5.82,10.4,7.01,5.71,4.77,2.35,1.93,1.5,4.559
dsi_2015.pdf,917,2015,D22A145,Egeli̇ Ç,,234.0,165.56,708.0,0.596,1.2,6.22,11.4,4.47,4.97,12.2,12.3,4.37,2.89,1.89,0.542,0.596,5.254,2.0,5.14,26.6,48.9,19.1,21.3,52.1,52.4,18.7,12.3,8.07,2.31,22.41,13.8,68.9,131.0,51.1,51.4,140.0,136.0,50.1,32.0,21.6,6.2,6.6,59.058,3.22,16.1,30.6,12.0,12.0,32.6,31.8,11.7,7.49,5.06,1.45,1.54,13.797
dsi_2016.pdf,922,2016,D22A145,Egeli̇ Ç,,234.0,149.66,640.0,1.1,1.65,1.74,1.5,5.17,12.1,13.2,5.26,5.88,4.44,3.7,1.3,1.1,4.753,2.0,7.04,7.43,6.4,22.1,51.6,56.5,22.5,25.1,19.0,15.8,5.54,20.084,18.8,19.2,17.2,59.2,129.0,151.0,58.2,67.3,49.2,42.4,14.8,12.2,53.208,4.41,4.5,4.01,13.9,30.3,35.4,13.6,15.8,11.5,9.92,3.47,2.85,12.472
dsi_2017.pdf,923,2017,D22A145,Egeli̇ Ç,,234.0,130.23,557.0,1.02,0.79,1.14,2.47,3.12,4.47,12.6,11.6,6.91,3.31,1.24,0.996,1.02,4.139,2.0,3.37,4.88,10.6,13.3,19.1,53.7,49.6,29.5,14.1,5.31,4.25,17.476,9.04,12.6,28.3,35.7,46.2,144.0,128.0,79.1,36.6,14.2,11.4,11.3,46.37,2.11,2.96,6.62,8.34,10.8,33.6,30.1,18.5,8.57,3.33,2.67,2.63,10.852
dsi_2018.pdf,928,2018,D22A145,Egeli̇ Ç,,234.0,110.31,471.0,0.743,1.65,0.888,3.75,3.45,7.69,10.8,3.22,4.52,3.22,1.49,0.762,0.743,3.515,2.0,7.05,3.79,16.0,14.8,32.9,46.3,13.7,19.3,13.8,6.36,3.26,14.938,18.9,9.83,42.9,39.5,79.5,124.0,35.6,51.8,35.7,17.0,8.72,8.23,39.307,4.42,2.3,10.0,9.25,18.6,29.0,8.34,12.1,8.34,3.99,2.04,1.93,9.192
dsi_2019.pdf,895,2019,D22A145,Egeli̇ Ç,,234.0,195.36,835.0,1.47,1.92,1.98,4.8,5.04,4.01,6.97,13.5,5.41,23.9,3.21,2.42,1.47,6.219,2.0,8.21,8.45,20.5,21.5,17.1,29.8,57.7,23.1,102.0,13.7,10.4,26.205,22.0,21.9,54.9,57.6,41.4,79.8,149.0,61.9,265.0,36.7,27.7,16.3,69.517,5.15,5.12,12.9,13.5,9.7,18.7,35.0,14.5,61.9,8.59,6.49,3.81,16.28
dsi_2020.pdf,887,2020,D22A145,Egeli̇ Ç,,234.0,114.56,490.0,0.56,2.07,1.21,3.35,3.0,5.96,11.7,6.55,5.53,1.74,1.02,0.745,0.56,3.62,2.0,8.83,5.17,14.3,12.8,25.5,50.2,28.0,23.6,7.43,4.34,3.19,15.447,23.7,13.4,38.3,34.3,63.8,134.0,72.5,63.3,19.2,11.6,8.53,6.21,40.737,5.54,3.14,8.97,8.04,14.9,31.5,17.0,14.8,4.5,2.72,2.0,1.45,9.547
dsi_2019.pdf,902,2019,D22A158,Cevi̇z D,,274.39,182.76,666.0,1.8,3.63,2.48,9.76,10.9,6.89,7.06,13.2,4.45,2.19,2.04,5.16,1.8,5.797,2.0,13.2,9.02,35.6,39.7,25.1,25.7,48.2,16.2,7.97,7.44,18.8,20.744,35.5,23.4,95.3,106.0,60.8,68.9,125.0,43.4,20.7,19.9,50.3,17.0,55.517,9.73,6.42,26.1,29.1,16.7,18.9,34.3,11.9,5.67,5.47,13.8,4.67,15.23
dsi_2020.pdf,900,2020,D22A158,Cevi̇z D,,274.39,138.47,505.0,1.07,0.993,1.92,3.72,5.66,15.5,10.1,4.07,3.39,3.42,1.28,1.96,1.07,4.424,2.0,3.62,7.0,13.6,20.6,56.5,36.7,14.8,12.3,12.5,4.65,7.16,15.952,9.7,18.1,36.3,55.3,142.0,98.2,38.4,33.1,32.3,12.5,19.2,10.1,42.1,2.66,4.98,9.96,15.2,38.9,26.9,10.5,9.07,8.86,3.42,5.26,2.76,11.539
