title,date,source,url,full_text
Search | Construction Dive,,www.constructiondive.com,https://www.constructiondive.com/search/?q=structural+ai&p=1,"Let Construction Dive's free newsletter keep you informed, straight from your inbox. Search all site content clear search Displaying results for ""structural ai"" Subscribe to Construction Dive for top news, trends & analysis The free newsletter covering the top industry headlines"
Search | Construction Dive,,www.constructiondive.com,https://www.constructiondive.com/search/?q=structural+ai&p=2,"Let Construction Dive's free newsletter keep you informed, straight from your inbox. Search all site content clear search Displaying results for ""structural ai"" Subscribe to Construction Dive for top news, trends & analysis The free newsletter covering the top industry headlines"
Search | Construction Dive,,www.constructiondive.com,https://www.constructiondive.com/search/?q=structural+ai&p=3,"Let Construction Dive's free newsletter keep you informed, straight from your inbox. Search all site content clear search Displaying results for ""structural ai"" Subscribe to Construction Dive for top news, trends & analysis The free newsletter covering the top industry headlines"
Search | Construction Dive,,www.constructiondive.com,https://www.constructiondive.com/search/?q=structural+machine+learning&p=1,"Let Construction Dive's free newsletter keep you informed, straight from your inbox. Search all site content clear search Displaying results for ""structural machine learning"" Subscribe to Construction Dive for top news, trends & analysis The free newsletter covering the top industry headlines"
Search | Construction Dive,,www.constructiondive.com,https://www.constructiondive.com/search/?q=structural+machine+learning&p=2,"Let Construction Dive's free newsletter keep you informed, straight from your inbox. Search all site content clear search Displaying results for ""structural machine learning"" Subscribe to Construction Dive for top news, trends & analysis The free newsletter covering the top industry headlines"
Search | Construction Dive,,www.constructiondive.com,https://www.constructiondive.com/search/?q=structural+machine+learning&p=3,"Let Construction Dive's free newsletter keep you informed, straight from your inbox. Search all site content clear search Displaying results for ""structural machine learning"" Subscribe to Construction Dive for top news, trends & analysis The free newsletter covering the top industry headlines"
Search | Construction Dive,,www.constructiondive.com,https://www.constructiondive.com/search/?q=structural+computer+vision&p=1,"Let Construction Dive's free newsletter keep you informed, straight from your inbox. Search all site content clear search Displaying results for ""structural computer vision"" Subscribe to Construction Dive for top news, trends & analysis The free newsletter covering the top industry headlines"
Search | Construction Dive,,www.constructiondive.com,https://www.constructiondive.com/search/?q=structural+computer+vision&p=2,"Let Construction Dive's free newsletter keep you informed, straight from your inbox. Search all site content clear search Displaying results for ""structural computer vision"" Subscribe to Construction Dive for top news, trends & analysis The free newsletter covering the top industry headlines"
Search | Construction Dive,,www.constructiondive.com,https://www.constructiondive.com/search/?q=structural+computer+vision&p=3,"Let Construction Dive's free newsletter keep you informed, straight from your inbox. Search all site content clear search Displaying results for ""structural computer vision"" Subscribe to Construction Dive for top news, trends & analysis The free newsletter covering the top industry headlines"
Search | Construction Dive,,www.constructiondive.com,https://www.constructiondive.com/search/?q=structural+predictive&p=1,"Let Construction Dive's free newsletter keep you informed, straight from your inbox. Search all site content clear search Displaying results for ""structural predictive"" Subscribe to Construction Dive for top news, trends & analysis The free newsletter covering the top industry headlines"
Search | Construction Dive,,www.constructiondive.com,https://www.constructiondive.com/search/?q=structural+predictive&p=2,"Let Construction Dive's free newsletter keep you informed, straight from your inbox. Search all site content clear search Displaying results for ""structural predictive"" Subscribe to Construction Dive for top news, trends & analysis The free newsletter covering the top industry headlines"
Search | Construction Dive,,www.constructiondive.com,https://www.constructiondive.com/search/?q=structural+predictive&p=3,"Let Construction Dive's free newsletter keep you informed, straight from your inbox. Search all site content clear search Displaying results for ""structural predictive"" Subscribe to Construction Dive for top news, trends & analysis The free newsletter covering the top industry headlines"
Search | Construction Dive,,www.constructiondive.com,https://www.constructiondive.com/search/?q=structural+robotics&p=1,"Let Construction Dive's free newsletter keep you informed, straight from your inbox. Search all site content clear search Displaying results for ""structural robotics"" Subscribe to Construction Dive for top news, trends & analysis The free newsletter covering the top industry headlines"
Search | Construction Dive,,www.constructiondive.com,https://www.constructiondive.com/search/?q=structural+robotics&p=2,"Let Construction Dive's free newsletter keep you informed, straight from your inbox. Search all site content clear search Displaying results for ""structural robotics"" Subscribe to Construction Dive for top news, trends & analysis The free newsletter covering the top industry headlines"
Search | Construction Dive,,www.constructiondive.com,https://www.constructiondive.com/search/?q=structural+robotics&p=3,"Let Construction Dive's free newsletter keep you informed, straight from your inbox. Search all site content clear search Displaying results for ""structural robotics"" Subscribe to Construction Dive for top news, trends & analysis The free newsletter covering the top industry headlines"
Search | Construction Dive,,www.constructiondive.com,https://www.constructiondive.com/search/?q=geotechnical+ai&p=1,"Let Construction Dive's free newsletter keep you informed, straight from your inbox. Search all site content clear search Displaying results for ""geotechnical ai"" Subscribe to Construction Dive for top news, trends & analysis The free newsletter covering the top industry headlines"
Search | Construction Dive,,www.constructiondive.com,https://www.constructiondive.com/search/?q=geotechnical+ai&p=2,"Let Construction Dive's free newsletter keep you informed, straight from your inbox. Search all site content clear search Displaying results for ""geotechnical ai"" Subscribe to Construction Dive for top news, trends & analysis The free newsletter covering the top industry headlines"
Search | Construction Dive,,www.constructiondive.com,https://www.constructiondive.com/search/?q=geotechnical+ai&p=3,"Let Construction Dive's free newsletter keep you informed, straight from your inbox. Search all site content clear search Displaying results for ""geotechnical ai"" Subscribe to Construction Dive for top news, trends & analysis The free newsletter covering the top industry headlines"
Search | Construction Dive,,www.constructiondive.com,https://www.constructiondive.com/search/?q=geotechnical+machine+learning&p=1,"Let Construction Dive's free newsletter keep you informed, straight from your inbox. Search all site content clear search Displaying results for ""geotechnical machine learning"" Subscribe to Construction Dive for top news, trends & analysis The free newsletter covering the top industry headlines"
Search | Construction Dive,,www.constructiondive.com,https://www.constructiondive.com/search/?q=geotechnical+machine+learning&p=2,"Let Construction Dive's free newsletter keep you informed, straight from your inbox. Search all site content clear search Displaying results for ""geotechnical machine learning"" Subscribe to Construction Dive for top news, trends & analysis The free newsletter covering the top industry headlines"
Search | Construction Dive,,www.constructiondive.com,https://www.constructiondive.com/search/?q=geotechnical+machine+learning&p=3,"Let Construction Dive's free newsletter keep you informed, straight from your inbox. Search all site content clear search Displaying results for ""geotechnical machine learning"" Subscribe to Construction Dive for top news, trends & analysis The free newsletter covering the top industry headlines"
Search | Construction Dive,,www.constructiondive.com,https://www.constructiondive.com/search/?q=geotechnical+computer+vision&p=1,"Let Construction Dive's free newsletter keep you informed, straight from your inbox. Search all site content clear search Displaying results for ""geotechnical computer vision"" Subscribe to Construction Dive for top news, trends & analysis The free newsletter covering the top industry headlines"
Search | Construction Dive,,www.constructiondive.com,https://www.constructiondive.com/search/?q=geotechnical+computer+vision&p=2,"Let Construction Dive's free newsletter keep you informed, straight from your inbox. Search all site content clear search Displaying results for ""geotechnical computer vision"" Subscribe to Construction Dive for top news, trends & analysis The free newsletter covering the top industry headlines"
Search | Construction Dive,,www.constructiondive.com,https://www.constructiondive.com/search/?q=geotechnical+computer+vision&p=3,"Let Construction Dive's free newsletter keep you informed, straight from your inbox. Search all site content clear search Displaying results for ""geotechnical computer vision"" Subscribe to Construction Dive for top news, trends & analysis The free newsletter covering the top industry headlines"
Search | Construction Dive,,www.constructiondive.com,https://www.constructiondive.com/search/?q=geotechnical+predictive&p=1,"Let Construction Dive's free newsletter keep you informed, straight from your inbox. Search all site content clear search Displaying results for ""geotechnical predictive"" Subscribe to Construction Dive for top news, trends & analysis The free newsletter covering the top industry headlines"
Search | Construction Dive,,www.constructiondive.com,https://www.constructiondive.com/search/?q=geotechnical+predictive&p=2,"Let Construction Dive's free newsletter keep you informed, straight from your inbox. Search all site content clear search Displaying results for ""geotechnical predictive"" Subscribe to Construction Dive for top news, trends & analysis The free newsletter covering the top industry headlines"
Search | Construction Dive,,www.constructiondive.com,https://www.constructiondive.com/search/?q=geotechnical+predictive&p=3,"Let Construction Dive's free newsletter keep you informed, straight from your inbox. Search all site content clear search Displaying results for ""geotechnical predictive"" Subscribe to Construction Dive for top news, trends & analysis The free newsletter covering the top industry headlines"
Search | Construction Dive,,www.constructiondive.com,https://www.constructiondive.com/search/?q=geotechnical+robotics&p=1,"Let Construction Dive's free newsletter keep you informed, straight from your inbox. Search all site content clear search Displaying results for ""geotechnical robotics"" Subscribe to Construction Dive for top news, trends & analysis The free newsletter covering the top industry headlines"
Search | Construction Dive,,www.constructiondive.com,https://www.constructiondive.com/search/?q=geotechnical+robotics&p=2,"Let Construction Dive's free newsletter keep you informed, straight from your inbox. Search all site content clear search Displaying results for ""geotechnical robotics"" Subscribe to Construction Dive for top news, trends & analysis The free newsletter covering the top industry headlines"
Search | Construction Dive,,www.constructiondive.com,https://www.constructiondive.com/search/?q=geotechnical+robotics&p=3,"Let Construction Dive's free newsletter keep you informed, straight from your inbox. Search all site content clear search Displaying results for ""geotechnical robotics"" Subscribe to Construction Dive for top news, trends & analysis The free newsletter covering the top industry headlines"
Search | Construction Dive,,www.constructiondive.com,https://www.constructiondive.com/search/?q=transportation+ai&p=1,"Let Construction Dive's free newsletter keep you informed, straight from your inbox. Search all site content clear search Displaying results for ""transportation ai"" Subscribe to Construction Dive for top news, trends & analysis The free newsletter covering the top industry headlines"
Search | Construction Dive,,www.constructiondive.com,https://www.constructiondive.com/search/?q=transportation+ai&p=2,"Let Construction Dive's free newsletter keep you informed, straight from your inbox. Search all site content clear search Displaying results for ""transportation ai"" Subscribe to Construction Dive for top news, trends & analysis The free newsletter covering the top industry headlines"
Search | Construction Dive,,www.constructiondive.com,https://www.constructiondive.com/search/?q=transportation+ai&p=3,"Let Construction Dive's free newsletter keep you informed, straight from your inbox. Search all site content clear search Displaying results for ""transportation ai"" Subscribe to Construction Dive for top news, trends & analysis The free newsletter covering the top industry headlines"
Search | Construction Dive,,www.constructiondive.com,https://www.constructiondive.com/search/?q=transportation+machine+learning&p=1,"Let Construction Dive's free newsletter keep you informed, straight from your inbox. Search all site content clear search Displaying results for ""transportation machine learning"" Subscribe to Construction Dive for top news, trends & analysis The free newsletter covering the top industry headlines"
Search | Construction Dive,,www.constructiondive.com,https://www.constructiondive.com/search/?q=transportation+machine+learning&p=2,"Let Construction Dive's free newsletter keep you informed, straight from your inbox. Search all site content clear search Displaying results for ""transportation machine learning"" Subscribe to Construction Dive for top news, trends & analysis The free newsletter covering the top industry headlines"
Search | Construction Dive,,www.constructiondive.com,https://www.constructiondive.com/search/?q=transportation+machine+learning&p=3,"Let Construction Dive's free newsletter keep you informed, straight from your inbox. Search all site content clear search Displaying results for ""transportation machine learning"" Subscribe to Construction Dive for top news, trends & analysis The free newsletter covering the top industry headlines"
Search | Construction Dive,,www.constructiondive.com,https://www.constructiondive.com/search/?q=transportation+computer+vision&p=1,"Let Construction Dive's free newsletter keep you informed, straight from your inbox. Search all site content clear search Displaying results for ""transportation computer vision"" Subscribe to Construction Dive for top news, trends & analysis The free newsletter covering the top industry headlines"
Search | Construction Dive,,www.constructiondive.com,https://www.constructiondive.com/search/?q=transportation+computer+vision&p=2,"Let Construction Dive's free newsletter keep you informed, straight from your inbox. Search all site content clear search Displaying results for ""transportation computer vision"" Subscribe to Construction Dive for top news, trends & analysis The free newsletter covering the top industry headlines"
Search | Construction Dive,,www.constructiondive.com,https://www.constructiondive.com/search/?q=transportation+computer+vision&p=3,"Let Construction Dive's free newsletter keep you informed, straight from your inbox. Search all site content clear search Displaying results for ""transportation computer vision"" Subscribe to Construction Dive for top news, trends & analysis The free newsletter covering the top industry headlines"
Search | Construction Dive,,www.constructiondive.com,https://www.constructiondive.com/search/?q=transportation+predictive&p=1,"Let Construction Dive's free newsletter keep you informed, straight from your inbox. Search all site content clear search Displaying results for ""transportation predictive"" Subscribe to Construction Dive for top news, trends & analysis The free newsletter covering the top industry headlines"
Search | Construction Dive,,www.constructiondive.com,https://www.constructiondive.com/search/?q=transportation+predictive&p=2,"Let Construction Dive's free newsletter keep you informed, straight from your inbox. Search all site content clear search Displaying results for ""transportation predictive"" Subscribe to Construction Dive for top news, trends & analysis The free newsletter covering the top industry headlines"
Search | Construction Dive,,www.constructiondive.com,https://www.constructiondive.com/search/?q=transportation+predictive&p=3,"Let Construction Dive's free newsletter keep you informed, straight from your inbox. Search all site content clear search Displaying results for ""transportation predictive"" Subscribe to Construction Dive for top news, trends & analysis The free newsletter covering the top industry headlines"
Search | Construction Dive,,www.constructiondive.com,https://www.constructiondive.com/search/?q=transportation+robotics&p=1,"Let Construction Dive's free newsletter keep you informed, straight from your inbox. Search all site content clear search Displaying results for ""transportation robotics"" Subscribe to Construction Dive for top news, trends & analysis The free newsletter covering the top industry headlines"
Search | Construction Dive,,www.constructiondive.com,https://www.constructiondive.com/search/?q=transportation+robotics&p=2,"Let Construction Dive's free newsletter keep you informed, straight from your inbox. Search all site content clear search Displaying results for ""transportation robotics"" Subscribe to Construction Dive for top news, trends & analysis The free newsletter covering the top industry headlines"
Search | Construction Dive,,www.constructiondive.com,https://www.constructiondive.com/search/?q=transportation+robotics&p=3,"Let Construction Dive's free newsletter keep you informed, straight from your inbox. Search all site content clear search Displaying results for ""transportation robotics"" Subscribe to Construction Dive for top news, trends & analysis The free newsletter covering the top industry headlines"
Search | Construction Dive,,www.constructiondive.com,https://www.constructiondive.com/search/?q=construction+management+ai&p=1,"Let Construction Dive's free newsletter keep you informed, straight from your inbox. Search all site content clear search Displaying results for ""construction management ai"" Subscribe to Construction Dive for top news, trends & analysis The free newsletter covering the top industry headlines"
Search | Construction Dive,,www.constructiondive.com,https://www.constructiondive.com/search/?q=construction+management+ai&p=2,"Let Construction Dive's free newsletter keep you informed, straight from your inbox. Search all site content clear search Displaying results for ""construction management ai"" Subscribe to Construction Dive for top news, trends & analysis The free newsletter covering the top industry headlines"
Search | Construction Dive,,www.constructiondive.com,https://www.constructiondive.com/search/?q=construction+management+ai&p=3,"Let Construction Dive's free newsletter keep you informed, straight from your inbox. Search all site content clear search Displaying results for ""construction management ai"" Subscribe to Construction Dive for top news, trends & analysis The free newsletter covering the top industry headlines"
Search | Construction Dive,,www.constructiondive.com,https://www.constructiondive.com/search/?q=construction+management+machine+learning&p=1,"Let Construction Dive's free newsletter keep you informed, straight from your inbox. Search all site content clear search Displaying results for ""construction management machine learning"" Subscribe to Construction Dive for top news, trends & analysis The free newsletter covering the top industry headlines"
Search | Construction Dive,,www.constructiondive.com,https://www.constructiondive.com/search/?q=construction+management+machine+learning&p=2,"Let Construction Dive's free newsletter keep you informed, straight from your inbox. Search all site content clear search Displaying results for ""construction management machine learning"" Subscribe to Construction Dive for top news, trends & analysis The free newsletter covering the top industry headlines"
Search | Construction Dive,,www.constructiondive.com,https://www.constructiondive.com/search/?q=construction+management+machine+learning&p=3,"Let Construction Dive's free newsletter keep you informed, straight from your inbox. Search all site content clear search Displaying results for ""construction management machine learning"" Subscribe to Construction Dive for top news, trends & analysis The free newsletter covering the top industry headlines"
Search | Construction Dive,,www.constructiondive.com,https://www.constructiondive.com/search/?q=construction+management+computer+vision&p=1,"Let Construction Dive's free newsletter keep you informed, straight from your inbox. Search all site content clear search Displaying results for ""construction management computer vision"" Subscribe to Construction Dive for top news, trends & analysis The free newsletter covering the top industry headlines"
Search | Construction Dive,,www.constructiondive.com,https://www.constructiondive.com/search/?q=construction+management+computer+vision&p=2,"Let Construction Dive's free newsletter keep you informed, straight from your inbox. Search all site content clear search Displaying results for ""construction management computer vision"" Subscribe to Construction Dive for top news, trends & analysis The free newsletter covering the top industry headlines"
Search | Construction Dive,,www.constructiondive.com,https://www.constructiondive.com/search/?q=construction+management+computer+vision&p=3,"Let Construction Dive's free newsletter keep you informed, straight from your inbox. Search all site content clear search Displaying results for ""construction management computer vision"" Subscribe to Construction Dive for top news, trends & analysis The free newsletter covering the top industry headlines"
Search | Construction Dive,,www.constructiondive.com,https://www.constructiondive.com/search/?q=construction+management+predictive&p=1,"Let Construction Dive's free newsletter keep you informed, straight from your inbox. Search all site content clear search Displaying results for ""construction management predictive"" Subscribe to Construction Dive for top news, trends & analysis The free newsletter covering the top industry headlines"
Search | Construction Dive,,www.constructiondive.com,https://www.constructiondive.com/search/?q=construction+management+predictive&p=2,"Let Construction Dive's free newsletter keep you informed, straight from your inbox. Search all site content clear search Displaying results for ""construction management predictive"" Subscribe to Construction Dive for top news, trends & analysis The free newsletter covering the top industry headlines"
Search | Construction Dive,,www.constructiondive.com,https://www.constructiondive.com/search/?q=construction+management+predictive&p=3,"Let Construction Dive's free newsletter keep you informed, straight from your inbox. Search all site content clear search Displaying results for ""construction management predictive"" Subscribe to Construction Dive for top news, trends & analysis The free newsletter covering the top industry headlines"
Search | Construction Dive,,www.constructiondive.com,https://www.constructiondive.com/search/?q=construction+management+robotics&p=1,"Let Construction Dive's free newsletter keep you informed, straight from your inbox. Search all site content clear search Displaying results for ""construction management robotics"" Subscribe to Construction Dive for top news, trends & analysis The free newsletter covering the top industry headlines"
Search | Construction Dive,,www.constructiondive.com,https://www.constructiondive.com/search/?q=construction+management+robotics&p=2,"Let Construction Dive's free newsletter keep you informed, straight from your inbox. Search all site content clear search Displaying results for ""construction management robotics"" Subscribe to Construction Dive for top news, trends & analysis The free newsletter covering the top industry headlines"
Search | Construction Dive,,www.constructiondive.com,https://www.constructiondive.com/search/?q=construction+management+robotics&p=3,"Let Construction Dive's free newsletter keep you informed, straight from your inbox. Search all site content clear search Displaying results for ""construction management robotics"" Subscribe to Construction Dive for top news, trends & analysis The free newsletter covering the top industry headlines"
Search | Construction Dive,,www.constructiondive.com,https://www.constructiondive.com/search/?q=environmental+ai&p=1,"Let Construction Dive's free newsletter keep you informed, straight from your inbox. Search all site content clear search Displaying results for ""environmental ai"" Subscribe to Construction Dive for top news, trends & analysis The free newsletter covering the top industry headlines"
Search | Construction Dive,,www.constructiondive.com,https://www.constructiondive.com/search/?q=environmental+ai&p=2,"Let Construction Dive's free newsletter keep you informed, straight from your inbox. Search all site content clear search Displaying results for ""environmental ai"" Subscribe to Construction Dive for top news, trends & analysis The free newsletter covering the top industry headlines"
Search | Construction Dive,,www.constructiondive.com,https://www.constructiondive.com/search/?q=environmental+ai&p=3,"Let Construction Dive's free newsletter keep you informed, straight from your inbox. Search all site content clear search Displaying results for ""environmental ai"" Subscribe to Construction Dive for top news, trends & analysis The free newsletter covering the top industry headlines"
Search | Construction Dive,,www.constructiondive.com,https://www.constructiondive.com/search/?q=environmental+machine+learning&p=1,"Let Construction Dive's free newsletter keep you informed, straight from your inbox. Search all site content clear search Displaying results for ""environmental machine learning"" Subscribe to Construction Dive for top news, trends & analysis The free newsletter covering the top industry headlines"
Search | Construction Dive,,www.constructiondive.com,https://www.constructiondive.com/search/?q=environmental+machine+learning&p=2,"Let Construction Dive's free newsletter keep you informed, straight from your inbox. Search all site content clear search Displaying results for ""environmental machine learning"" Subscribe to Construction Dive for top news, trends & analysis The free newsletter covering the top industry headlines"
Search | Construction Dive,,www.constructiondive.com,https://www.constructiondive.com/search/?q=environmental+machine+learning&p=3,"Let Construction Dive's free newsletter keep you informed, straight from your inbox. Search all site content clear search Displaying results for ""environmental machine learning"" Subscribe to Construction Dive for top news, trends & analysis The free newsletter covering the top industry headlines"
Search | Construction Dive,,www.constructiondive.com,https://www.constructiondive.com/search/?q=environmental+computer+vision&p=1,"Let Construction Dive's free newsletter keep you informed, straight from your inbox. Search all site content clear search Displaying results for ""environmental computer vision"" Subscribe to Construction Dive for top news, trends & analysis The free newsletter covering the top industry headlines"
Search | Construction Dive,,www.constructiondive.com,https://www.constructiondive.com/search/?q=environmental+computer+vision&p=2,"Let Construction Dive's free newsletter keep you informed, straight from your inbox. Search all site content clear search Displaying results for ""environmental computer vision"" Subscribe to Construction Dive for top news, trends & analysis The free newsletter covering the top industry headlines"
Search | Construction Dive,,www.constructiondive.com,https://www.constructiondive.com/search/?q=environmental+computer+vision&p=3,"Let Construction Dive's free newsletter keep you informed, straight from your inbox. Search all site content clear search Displaying results for ""environmental computer vision"" Subscribe to Construction Dive for top news, trends & analysis The free newsletter covering the top industry headlines"
Search | Construction Dive,,www.constructiondive.com,https://www.constructiondive.com/search/?q=environmental+predictive&p=1,"Let Construction Dive's free newsletter keep you informed, straight from your inbox. Search all site content clear search Displaying results for ""environmental predictive"" Subscribe to Construction Dive for top news, trends & analysis The free newsletter covering the top industry headlines"
Search | Construction Dive,,www.constructiondive.com,https://www.constructiondive.com/search/?q=environmental+predictive&p=2,"Let Construction Dive's free newsletter keep you informed, straight from your inbox. Search all site content clear search Displaying results for ""environmental predictive"" Subscribe to Construction Dive for top news, trends & analysis The free newsletter covering the top industry headlines"
Search | Construction Dive,,www.constructiondive.com,https://www.constructiondive.com/search/?q=environmental+predictive&p=3,"Let Construction Dive's free newsletter keep you informed, straight from your inbox. Search all site content clear search Displaying results for ""environmental predictive"" Subscribe to Construction Dive for top news, trends & analysis The free newsletter covering the top industry headlines"
Search | Construction Dive,,www.constructiondive.com,https://www.constructiondive.com/search/?q=environmental+robotics&p=1,"Let Construction Dive's free newsletter keep you informed, straight from your inbox. Search all site content clear search Displaying results for ""environmental robotics"" Subscribe to Construction Dive for top news, trends & analysis The free newsletter covering the top industry headlines"
Search | Construction Dive,,www.constructiondive.com,https://www.constructiondive.com/search/?q=environmental+robotics&p=2,"Let Construction Dive's free newsletter keep you informed, straight from your inbox. Search all site content clear search Displaying results for ""environmental robotics"" Subscribe to Construction Dive for top news, trends & analysis The free newsletter covering the top industry headlines"
Search | Construction Dive,,www.constructiondive.com,https://www.constructiondive.com/search/?q=environmental+robotics&p=3,"Let Construction Dive's free newsletter keep you informed, straight from your inbox. Search all site content clear search Displaying results for ""environmental robotics"" Subscribe to Construction Dive for top news, trends & analysis The free newsletter covering the top industry headlines"
